FID,OBJECTID,SHAPE,HTXT,HTXTK,HLINIEN,DIVA_ID,LTYP,WEBLINK1,SE_ANNO_CAD_DATA
,,POINT (16.339151763567077 48.211378396869264),,,"2, 33, 46, N8, U6",,,,
,,POINT (16.43356424640316 48.2434603854093),,,"2, 22A, 25, 26, 26A, 27A, 27B, 93A, 94A, N25, N26, U1",,,,
,,POINT (16.443292907709203 48.250297846640926),,,"22A, 24A, 25A, 26, 26E, 31A, N20, N23, N24, N25, U1",,,,
,,POINT (16.4154902187942 48.232331849195624),,,"20A, 92A, 92B, N25, N90, U1, VAL 3",,,,
,,POINT (16.400524343403493 48.19732682553138),,,"77A, N75, U3",,,,
,,POINT (16.368939703223433 48.20094942817976),,,"096, 1, 2, 311, 4A, 59A, 62, B01, B05, N46, N49, N60, N62, U1, U2Z, U4, WLB",,,,
,,POINT (16.358986445323204 48.1968119538385),,,"N60, U4",,,,
,,POINT (16.364457099592634 48.18279831734915),,,"1, 18, 62, WLB",,,,
,,POINT (16.376530434606547 48.1781262320454),,,"14A, U1",,,,
,,POINT (16.340939396634024 48.24007133804924),,,"35A, N35, S45",,,,
,,POINT (16.384579359272443 48.206065473952755),,,"1, 74A, CAT, N75, O, R 21222, R1, R3, REX1, REX2, REX3, REX7, REX92, S1, S2, S3, S4, S7, U3, U4",,,,
,,POINT (16.362687411346254 48.185541405319164),,,"1, 62, N62, WLB",,,,
,,POINT (16.325146920919025 48.135995644813725),,,"SEV , WLB",,,,
,,POINT (16.400290861466598 48.25681452118094),,,"150, 151, 2, 25, 26, 28A, 29A, 29B, 30, 31, 33, 33A, 34A, 500, 501, 502, 505,, 850, CJX9, G3, N20, N29, N30, N31, R 21170, R 21222, R1, REX 2213, REX 24212, REX 24312, REX 27305, REX1, REX2, REX92, S1, S3, SV900, U6",,,,
,,POINT (16.361142389570404 48.22600969271365),,,"1, 31, 33, 5, D, E4, N38, R40, REX 19132, REX4, REX41, S40",,,,
,,POINT (16.364870358848687 48.22702400576565),,,"31, 33, 5, D, U4",,,,
,,POINT (16.340059013316164 48.17934824888823),,,"18, 62, 63A, N8, WLB",,,,
,,POINT (16.329108636218468 48.231179987968275),,,"10A, 40, 41, 42A, 9, N41, S45",,,,
,,POINT (16.411115367441298 48.17949190411361),,,"71, D, N71, U3",,,,
,,POINT (16.415301439931962 48.17433432614724),,,"11, 15A, 71, 76A, 76B, D, N6, N71, U3",,,,
,,POINT (16.33755274237635 48.190721896452864),,,"18, 57A, 6, N6, N8, U6",,,,
,,POINT (16.335836907196718 48.159451747075806),,,"16A, 65A, N65, WLB",,,,
,,POINT (16.22357496755396 48.21039985367594),,,"450, 50B, S50",,,,
,,POINT (16.42668313820962 48.17953687432581),,,"72A, 76A, 76B, S80",,,,
,,POINT (16.457782695724884 48.22088357797962),,,"25, 92A, 95A, 96A, N26, U2",,,,
,,POINT (16.407028118246224 48.17502030823262),,,"11, 69A, D, N6, S7, SV907",,,,
,,POINT (16.48670827184198 48.233462699832394),,,"26, 26E, 540, 595, 85A, 95B, 97A, N23, U2",,,,
,,POINT (16.365768700940226 48.249116579480685),,,"10A, 11A, 142, 38A, 38B, 39A, 400, 413, 5B, N36, R40, REX 19132, REX4, REX41, S40, S45, U4",,,,
,,POINT (16.379512901837128 48.23697504997021),,,"2, 37A, 5A, N29, U6",,,,
,,POINT (16.314870387679424 48.22325673455496),,,"2, 42A, 43, 445, 44A, N43, S45",,,,
,,POINT (16.365840529604437 48.2094807888373),,,"1A, 2A, U3",,,,
,,POINT (16.314412209092428 48.16610580844599),,,"16A, 62, 64B, R 21222, R3, S1, S2, S3, S4",,,,
,,POINT (16.303857101872556 48.18778743099592),,,"10, 49, 51A, 52, 56A, 56B, 58A, 58B, 60, N54, N60, U4",,,,
,,POINT (16.468230130746626 48.23268189423833),,,"22A, 95B, 98A, R 2548, S80, SV910",,,,
,,POINT (16.261061485619905 48.19740779223404),,,"145, 450, 451, 453, 47B, 49A, 50A, 50B, 52A, 52B, N49, REX51, WB 901, WB 903, WB 904, WB 908, WB 910, WB 914, WB 917,, WB 918, WB 920, WB 928, WB 930, WB 948, WB 952, WB 953, WB 959, WB 960, WB 961, WB 962, WB 964, WB 965, WB 968",,,,
,,POINT (16.453219292597204 48.229588218717694),,,"25, 26A, 86A, 87A, 94A, 95A, 96A, N90, R 2548, R81, S80, SV910",,,,
,,POINT (16.413989969124273 48.19151834476109),,,"N75, U3",,,,
,,POINT (16.440121869429483 48.21178543244496),,,"92A, 92B, 93A, N90, N91, U2",,,,
,,POINT (16.47494941400763 48.22263115855332),,,"22A, 26A, 550, 552, 84A, 93A, 97A, 98A, U2",,,,
,,POINT (16.368265982368555 48.18434960781409),,,"1, 18, WLB",,,,
,,POINT (16.295448845883595 48.18948222865682),,,U4,,,,
,,POINT (16.30635438874552 48.198264059318376),,,"49, N49, S45",,,,
,,POINT (16.403695461409534 48.26777636718213),,,"150, 151, 30, 31, 36B, 500, 501, 502, 505, N31, R 21170, R 21222, R3, REX3, S3, S4, S7, SV903",,,,
,,POINT (16.33730115867541 48.20229054101177),,,"18, 48A, 6, U6",,,,
,,POINT (16.410971735961006 48.22899276792682),,,"N25, U1",,,,
,,POINT (16.38026735556661 48.20706219161387),,,"1, 2, 3A, 71, 74A, N25, N38, N60, N66, N75, U3",,,,
,,POINT (16.349832567519183 48.180420438080006),,,"18, 6, 62, N6, WLB",,,,
,,POINT (16.430959106933866 48.206116264694174),,,"77A, 79A, 79B, N81, U2, VAL 3",,,,
,,POINT (16.316523176160697 48.14184344292252),,,U6,,,,
,,POINT (16.382315472111827 48.15388464387838),,,"16A, 17A, 19A, 67A, 67B, N17, N67, U1",,,,
,,POINT (16.341990356586084 48.21713686765362),,,"43, N43, N8, U6",,,,
,,POINT (16.424221783953804 48.237950217417435),,,"20A, 20B, N25, U1",,,,
,,POINT (16.383420376871285 48.161656806420176),,,"15A, N67, U1",,,,
,,POINT (16.324599064565017 48.161225445411446),,,"16A, N65, U6",,,,
,,POINT (16.350191990927215 48.19828495247829),,,"14A, N71, U3",,,,
,,POINT (16.28873839432735 48.147283014120674),,,"56A, 58A, 58B, 60A, 66A, N66, R 21222, R3, S1, S2, S3, S4, SV510",,,,
,,POINT (16.337705424489947 48.178719253363255),,,"18, 59A, 62, N8, WLB",,,,
,,POINT (16.39232274292899 48.21853450959927),,,"1, 175, 2, 5, 5B, 71, 80A, 82A, CJX9, N25, N81, O, R 21222, R1, R3, REX1, REX2, REX3, REX92, S1, S2, S3, S4, S7, SV900, SV903, SV907, U1, U2, U2Z",,,,
,,POINT (16.333815703097343 48.15017787212812),,,"66A, 67B, N66, SEV , SEV N66, WLB",,,,
,,POINT (16.35835761488466 48.23563184898253),,,"35A, 37A, D, E4, N35, N36, N8, R40, REX 19132, REX4, REX41, S40, U4, U6",,,,
,,POINT (16.42024239320742 48.2708557420381),,,"30A, 31A, 32A, CJX9, N30, REX 24212, REX 24312, REX 27305, REX 27345, REX1, REX2, REX7, S1, S2, S3, S7, SV901",,,,
,,POINT (16.407333504675613 48.16695654642477),,,"15A, R 7435, R95, REX 9411, REX 9415, REX 9421, REX 9423, REX 9457, REX6, REX62, REX63, REX64, S60, SV700",,,,
,,POINT (16.41999965513396 48.170179723235776),,,"11, 217, 218, 272, 69A, 71, 72A, 73A, D, N71, R 2548, REX1, REX8, REX81, S80, SV910, U3",,,,
,,POINT (16.386268136256312 48.19478502641583),,,"1, 71, 77A, CJX9, D, N71, O, R 21222, R3, REX1, REX2, REX3, REX7, REX92, S1, S2, S3, S4, S7, SV907",,,,
,,POINT (16.367655105882672 48.19835674139007),,,"1, 62, N62, N66, WLB",,,,
,,POINT (16.378183320704768 48.174148650366455),,,"11, 14A, 227, 6, 65A, 66A, 68A, 68B, 7A, N6, N65, N66, N67, N68, U1",,,,
,,POINT (16.391316595812246 48.202518106741714),,,"4A, 74A, N75, U3",,,,
,,POINT (16.367493439763944 48.22213452795063),,,U4,,,,
,,POINT (16.330042754488208 48.17337588359109),,,"15A, 62A, 7A, 7B, N62, N8, WLB",,,,
,,POINT (16.37112261471922 48.216915350367564),,,"1, 2, 31, 3A, 71, D, E4, N25, N31, N38, N60, N66, U2, U2Z, U4",,,,
,,POINT (16.362256253443515 48.21393447049287),,,"1, 1A, 2, 37, 38, 40, 40A, 41, 42, 43, 44, 71, D, N25, N38, N41, N43, N60, N66, U2",,,,
,,POINT (16.377886873814607 48.21174357067371),,,"1, 2, 2A, 71, D, N25, N29, N31, N38, N60, N66, U1, U2Z, U4",,,,
,,POINT (16.40744130486774 48.19402743753725),,,"18, 77A, 80A, N75, U3",,,,
,,POINT (16.328389896215832 48.197883767968484),,,"12A, 49, 9, N49, U3",,,,
,,POINT (16.31946972406869 48.18589483054359),,,"10A, N60, U4",,,,
,,POINT (16.331659733266218 48.163448430207644),,,WLB,,,,
,,POINT (16.30969597995417 48.12991038426384),,,"207, 260, 266, 268, 269, 270, 61B, N64, SEV 207, SEV 266, U6, WLB",,,,
,,POINT (16.383294806950484 48.23618233072993),,,"37A, 5A, SV900",,,,
,,POINT (16.335351844633763 48.18511022448113),,,"12A, N60, N8, U4, U6",,,,
,,POINT (16.342493414128352 48.18828440498012),,,"18, 6, N60, U4",,,,
,,POINT (16.344227094824976 48.18045034161037),,,"18, 62, WLB",,,,
,,POINT (16.359139134709288 48.18062111066979),,,"096, 1, 1155, 1158, 14A, 18, 209, 303, 309, 311, 6, 6011, 62, 7940, 7941, B01, B05, B23, B24, B25, CJX9, N6, N62, R 21222, R3, REX1, REX2, REX3, REX92, S1, S2, S3, S4, S80, WLB",,,,
,,POINT (16.36696340029157 48.19259026934945),,,"1, 62, N62, WLB",,,,
,,POINT (16.32892887445583 48.183660835722826),,,"10A, 63A, 7A, 9A, N60, U4",,,,
,,POINT (16.335783029516605 48.17550856996958),,,"59A, 6, 62, N8, WLB",,,,
,,POINT (16.3439307528489 48.22097944826733),,,"40, 41, 42, 42E, 9, N8, U6",,,,
,,POINT (16.50408167760228 48.23463246328773),,,"84A, 89A, 95A, 99A, 99B, N84, R 2548, REX8, REX81, S80, SV910, U2",,,,
,,POINT (16.384642145857477 48.21480835194291),,,"5A, N25, U1",,,,
,,POINT (16.328003614575675 48.140647521353614),,,"303, SEV 303, WLB",,,,
,,POINT (16.331183660218095 48.18105534657848),,,"10A, 63A, U6",,,,
,,POINT (16.50846535620879 48.22638352046452),,,"84A, 88A, 88B, 89A, 99A, 99B, N84, U2",,,,
,,POINT (16.367646208833403 48.260235525152254),,,"38B, 400, D, E4, N36, S40",,,,
,,POINT (16.399545072159235 48.1423888884584),,,"17A, 226, 227, 266, 68B, 70A, N68, U1",,,,
,,POINT (16.352877924420405 48.23147619215664),,,"35A, 37, 37A, 38, D, E4, N35, N36, N38, N8, U6",,,,
,,POINT (16.275712945778885 48.19228492795592),,,"47A, 54A, 54B, N54, U4",,,,
,,POINT (16.34426318775447 48.24442061533653),,,"38, 39A, 415, N38, S45",,,,
,,POINT (16.369568501809926 48.202290521134714),,,"1, 2, 2A, 303, 59A, 62, 71, D, N25, N38, N46, N49, N60, N62, N66, N71, N75, WLB",,,,
,,POINT (16.311663384769126 48.21204599082756),,,"33, 44, 45A, 46, 46A, 46B, 48A, N46, S45, U3",,,,
,,POINT (16.367143104110752 48.19602745299376),,,"1, 62, N62, WLB",,,,
,,POINT (16.30532128582012 48.19267718666272),,,"S45, S50",,,,
,,POINT (16.31338808471988 48.1368019690763),,,"61A, 64A, N64, U6",,,,
,,POINT (16.33198314455596 48.17436135788608),,,"59A, 62, 62A, 8A, 9A, D 14000, D 16845, D 17000, D 19930, D 852, I, IC 296, IC 530, ICE 22, ICE 90, N8, NJ 40294, NJ 467, RJ 132, RJ 19932, RJ 530, RJ 535, RJ 558, RJ 559, RJ 644, RJ 649, RJX 262, RJX 764, RJX 865, RJX 869",,,,
,,POINT (16.35446786183284 48.19262017702289),,,"12A, 13A, 14A, N60, N71, U4",,,,
,,POINT (16.312202378130166 48.1991172725793),,,"10, 49, N49, U3",,,,
,,POINT (16.34535901294094 48.19696166161065),,,U3,,,,
,,POINT (16.417753842736865 48.185523471033505),,,"72A, N75, U3",,,,
,,POINT (16.38025840256953 48.169128372748666),,,"65A, 66A, N66, N67, U1",,,,
,,POINT (16.3694607479628 48.23522786446352),,,"1, 2, 30, 31, 33, 5, 5B, N31, U6",,,,
,,POINT (16.395233338270476 48.246690793233924),,,"20A, 20B, U6",,,,
,,POINT (16.38521720517953 48.24181820212623),,,"11A, 11B, 5A, CJX9, N8, R 21222, R1, R3, REX1, REX2, REX3, REX7, REX92, S1, S2, S3, S4, S45, S7, SV900, SV903, U6",,,,
,,POINT (16.46598425435962 48.2195548789824),,,"25, 95A, N26, U2",,,,
,,POINT (16.283231755428854 48.17378629097625),,,S80,,,,
,,POINT (16.44831449945062 48.21919277170021),,,"86A, 87A, 94A, R 2548, R81, REX1, REX8, REX81, S80, SV910, U2",,,,
,,POINT (16.4411190035244 48.19964116907791),,,"77A, 79A, 79B, S80",,,,
,,POINT (16.379099555790223 48.20250611475805),,,"N75, U4",,,,
,,POINT (16.309076300220998 48.204703447098396),,,"10, 49, U3",,,,
,,POINT (16.371625700230595 48.208127791893375),,,"1A, 2A, 3A, U1, U3",,,,
,,POINT (16.381300583984125 48.285849494258414),,,"32A, 34A, R 21222, R3, REX3, S3, S4",,,,
,,POINT (16.381354347930472 48.18804186200575),,,"1, 18, CJX9, D, O, R 21222, R3, REX1, REX2, REX3, REX92, S1, S2, S3, S4, U2Z, WLB",,,,
,,POINT (16.376404665179006 48.1852090782194),,,"1, 1155, 1158, 120, 13A, 18, 200, 209, 210, 227, 303, 309, 6011, 69A, 7940, 7941, B23, B24, B25, D 14000, D 15738, D 16664, D 16845, D 19930, D 30, D 30653, D 525, D 722, EC 340, IC 358, IC 733, ICE 23, ICE 90, ICE 95, N66, NJ 40294, NJ 467, O, R3, RJ 1023, RJ 19932, RJ 535, RJ 559, RJ 644, RJX 865, SV500, SV700, SV910",,,,
,,POINT (16.39182868759648 48.17746430572988),,,"EN 1152, EN 1153, NJ 446, NJ 447",,,,
,,POINT (16.48450763311871 48.28523973426352),,,"25A, 25B, 511, 85A, R1, REX1, S1, SV901",,,,
,,POINT (16.37026918598122 48.19387176066062),,,"N66, U1",,,,
,,POINT (16.338424062032416 48.208558911063236),,,"46, N46, N8, U6",,,,
,,POINT (16.384166099016475 48.234058139878826),,,"1, 2, 37A, 5A, N29, R 21222, R1, R3, REX1, REX2, REX3, REX7, REX92, S1, S2, S3, S4, S7, SV903",,,,
,,POINT (16.327895853990555 48.16507222510373),,,U6,,,,
,,POINT (16.2867441910502 48.19099742638381),,,"47A, N54, U4",,,,
,,POINT (16.399509268632983 48.18809574997063),,,"18, 71, 74A, D, N71, S7, SV907",,,,
,,POINT (16.357962361809058 48.205134415058374),,,"13A, 48A, 49, N46, N49, N71, U3",,,,
,,POINT (16.401880774082226 48.22408549747421),,,"11A, 11B, N25, U1",,,,
,,POINT (16.21228321671665 48.21048956042507),,,S50,,,,
,,POINT (16.33764255072258 48.19667724793269),,,"18, 49, 5, 52, 6, 60, 9, N49, N54, N6, N8, REX51, U3, VAL 1, WB 901, WB 903, WB 904, WB 908, WB 91, WB 910, WB 914, WB 917, WB 918, WB 920, WB 928, WB 930, WB 948, WB 952, WB 953, WB 959, WB 960, WB 961, WB 962, WB 964, WB 965, WB 968",,,,
,,POINT (16.38647464030894 48.145739580441536),,,"16A, 17A, 67A, 67B, N17, N67, U1",,,,
,,POINT (16.236250104458758 48.204754372046715),,,"450, 451, 453, 50A, N49, S50, SV110",,,,
,,POINT (16.316972386302115 48.150882099012335),,,"60A, 64A, 64B, 66A, 67B, N64, N66, N8, U6",,,,
,,POINT (16.349320632632672 48.225264523873875),,,"40, 40A, 41, 42, 42E, 9, N41, N8, U6",,,,
,,POINT (16.426359703786545 48.153839596577235),,,"S7, SV907",,,,
,,POINT (16.308865285185515 48.30699046880814),,,"400, 404, 406",,,,
,,POINT (16.31407556917689 48.311334143599275),,,"1, 402, 403",,,,
,,POINT (16.319788740367038 48.31043794171652),,,"401, 402, 403",,,,
,,POINT (16.33258965469099 48.30033387763675),,,"2, 400, 401",,,,
,,POINT (16.29957682988192 48.30627948130081),,,"400, 404, 406",,,,
,,POINT (16.31624044793156 48.306512463789296),,,"400, 402, 403, 404, 406",,,,
,,POINT (16.3293377811764 48.30498285907575),,,"1, 2, 400, 401, 403, 404, 406",,,,
,,POINT (16.325281961562844 48.304851359811295),,,"1, 2",,,,
,,POINT (16.32601409331128 48.30327387018616),,,"1, 2, 3, 401, 403, 404, 406",,,,
,,POINT (16.32297782000004 48.30880084654677),,,"1, 142, 400, 402, 403, 404, 406",,,,
,,POINT (16.576373382925084 48.35657667354444),,,"530, 531",,,,
,,POINT (16.565063622215604 48.302825540888925),,,"520, 521, 554, R1, REX1, S1, SV901",,,,
,,POINT (16.563653229886803 48.30349473894849),,,"520, 521",,,,
,,POINT (16.57295970235528 48.31181779076281),,,"520, 521",,,,
,,POINT (16.575070797745443 48.31413587772372),,,"520, 521",,,,
,,POINT (16.580254167509644 48.358582360599485),,,"530, 531",,,,
,,POINT (16.569330608484098 48.30654211879986),,,"520, 521",,,,
,,POINT (16.577684890577252 48.317003361578664),,,"520, 521",,,,
,,POINT (16.560257634814167 48.29784766934394),,,"520, 521, 522, 554",,,,
,,POINT (16.588814935591664 48.31686595141452),,,521,,,,
,,POINT (16.584476059053507 48.318078649375956),,,521,,,,
,,POINT (16.595776897110145 48.31464965529533),,,521,,,,
,,POINT (16.592471115294412 48.31567715356924),,,521,,,,
,,POINT (16.57077680850064 48.30940410426622),,,"520, 521",,,,
,,POINT (16.560230632250384 48.296795873951936),,,"520, 522, 554",,,,
,,POINT (16.49061100655021 48.03500928950853),,,"221, 222, 226, 248, AIT, AST, REX6, REX62, REX63, REX64, S60, SV700",,,,
,,POINT (16.12622096922566 48.39242753970955),,,"841, 842",,,,
,,POINT (16.48993719720989 48.028701820775225),,,"222, 226, 248, AST",,,,
,,POINT (16.49633324892705 48.021354049060356),,,"222, 226, 248",,,,
,,POINT (16.49258727399881 48.0240878403918),,,"222, 226, 248",,,,
,,POINT (16.2440612907405 48.34717464016146),,,403,,,,
,,POINT (16.240396104348896 48.34499545484924),,,"403, 413, S40, SV810",,,,
,,POINT (16.45931456917965 48.36259345825766),,,501,,,,
,,POINT (16.47084881395765 48.363249943386606),,,501,,,,
,,POINT (16.543782382712546 48.19037429784128),,,551,,,,
,,POINT (16.54960337516334 48.19976964734713),,,"26A, 550, 551, 552, 553",,,,
,,POINT (16.545444183313865 48.19423087735681),,,551,,,,
,,POINT (16.59786988051642 48.311560868113936),,,"521, 522, S1, SV901",,,,
,,POINT (16.134574547487034 48.08294560919685),,,252,,,,
,,POINT (16.559476037287467 48.297321772660844),,,"520, 521, 522",,,,
,,POINT (16.513185518487937 48.044751421850194),,,"221, 222, 248",,,,
,,POINT (16.517138102003702 48.04662510892669),,,"227, 248",,,,
,,POINT (16.629993659050527 48.37500623444058),,,"520, 530, 531",,,,
,,POINT (16.493297600771083 48.36168022937749),,,"500, 501, 502, 505",,,,
,,POINT (16.49128540928478 48.36084463502192),,,501,,,,
,,POINT (16.491438106748962 48.36038503706151),,,"500, 502, 505",,,,
,,POINT (16.608379626375505 48.07864806815481),,,"222, 272",,,,
,,POINT (16.605558951153892 48.08355124750175),,,"221, 222, 248, 272",,,,
,,POINT (16.4339731739253 48.35352652578195),,,853,,,,
,,POINT (16.42877201509048 48.36059989708303),,,853,,,,
,,POINT (16.424792435323663 48.36119679827213),,,"501, 853",,,,
,,POINT (16.42901450831865 48.358188508707),,,"501, 853",,,,
,,POINT (16.24189608752289 48.249460608871566),,,445,,,,
,,POINT (16.493980396982778 48.36102363225501),,,501,,,,
,,POINT (16.57330119979612 48.35725717309577),,,"530, 531",,,,
,,POINT (16.56538704297886 48.35938217113825),,,"530, 531",,,,
,,POINT (16.614946376244326 48.116894679260405),,,"221, 222, 273, REX7, S7, SV907",,,,
,,POINT (16.606026122662648 48.11795618249892),,,221,,,,
,,POINT (16.425942346134978 48.368752560887486),,,501,,,,
,,POINT (16.610688401329472 48.118915773231876),,,"221, 222, 273",,,,
,,POINT (16.59592069481341 48.3600148387452),,,"530, 531",,,,
,,POINT (16.606619023847614 48.11986327295552),,,221,,,,
,,POINT (16.6050739321977 48.12043897174999),,,"221, 222, 273",,,,
,,POINT (16.37749634346243 48.34981329797412),,,"853, 857",,,,
,,POINT (16.64363859463474 48.190332301394925),,,552,,,,
,,POINT (16.426256733156595 48.3632081867401),,,501,,,,
,,POINT (16.445309753924757 48.323801256301415),,,"500, 502, 505, 513, G3",,,,
,,POINT (16.447214247682847 48.32540204712352),,,"500, 502, 505, 513",,,,
,,POINT (16.43871617536759 48.318622387255324),,,"500, 502, 505, 513",,,,
,,POINT (16.159799064632825 48.05611321200213),,,"265, 308",,,,
,,POINT (16.199019270045266 48.05412568377121),,,"265, 308",,,,
,,POINT (16.2006901617678 48.05417368112425),,,"265, 308",,,,
,,POINT (16.211928014816163 48.05766825360786),,,265,,,,
,,POINT (16.197860474052664 48.05373538607041),,,"265, 308",,,,
,,POINT (16.218324010958366 48.0701493882856),,,265,,,,
,,POINT (16.206277637567545 48.055362570546386),,,265,,,,
,,POINT (16.21523381234104 48.06400822008197),,,265,,,,
,,POINT (16.16475809983373 48.21999202513189),,,"447, 451, 458",,,,
,,POINT (16.14347711912869 48.226623214249244),,,"447, 448, 451",,,,
,,POINT (16.153394476006966 48.22934009170177),,,"107, 447, 448, 451, 458",,,,
,,POINT (16.149019701716785 48.23105148744476),,,"447, 451, 458",,,,
,,POINT (16.14070135377017 48.23638887082977),,,"447, 451, 458",,,,
,,POINT (16.158164547290983 48.22680869873529),,,"448, 451, 458",,,,
,,POINT (16.141599623166226 48.224426926583845),,,"447, 448, 451",,,,
,,POINT (16.160787528542294 48.224133609356244),,,"447, 448, 451, 458",,,,
,,POINT (16.13765604030407 48.22329583590333),,,"447, 448, 451",,,,
,,POINT (16.646423086372252 48.05298435325993),,,272,,,,
,,POINT (16.640072020304 48.05456355195093),,,272,,,,
,,POINT (16.633289758228965 48.056611048436864),,,272,,,,
,,POINT (16.48324540178973 48.29296506719458),,,"25B, 511",,,,
,,POINT (16.445156994057275 48.29586968966436),,,510,,,,
,,POINT (16.143369304906873 48.220249444846345),,,"447, 448",,,,
,,POINT (16.484952217579096 48.30423581137134),,,"512, 513",,,,
,,POINT (16.451418262336535 48.295415485620985),,,510,,,,
,,POINT (16.468189681625795 48.296084766121716),,,"510, 512, 513",,,,
,,POINT (16.471369762484514 48.29441137148597),,,"25B, 511, 512, 513",,,,
,,POINT (16.47145057388748 48.29970624607999),,,"512, 513",,,,
,,POINT (16.47859212532503 48.293574668775015),,,"25B, 511",,,,
,,POINT (16.468405277648767 48.294686272777014),,,"25B, 511, 512, 513",,,,
,,POINT (16.458478927411033 48.295020980739324),,,"510, 511",,,,
,,POINT (16.46152421159458 48.294865578604224),,,"510, 511",,,,
,,POINT (16.45836223047048 48.29667047365499),,,"511, 512, 513",,,,
,,POINT (16.241240060463593 48.09840223092745),,,"256, 261, 262",,,,
,,POINT (16.227289231004207 48.09948813899121),,,"256, 261, 262",,,,
,,POINT (16.232427600789197 48.0974003440778),,,"256, 261, 262",,,,
,,POINT (16.24655803290106 48.09786832804372),,,"258, 261, 262",,,,
,,POINT (16.234870989513475 48.09748434117926),,,"256, 261, 262",,,,
,,POINT (16.24843552354545 48.0975263277698),,,"258, 261, 262",,,,
,,POINT (16.23722458394559 48.10020802552557),,,"256, 258",,,,
,,POINT (16.237242579382507 48.097892336937434),,,"256, 261, 262",,,,
,,POINT (16.11659101875145 48.39349524413227),,,"841, 842",,,,
,,POINT (16.378591752419364 48.08065888134976),,,"215, 216, 217, S60",,,,
,,POINT (16.3943390793906 48.08289735496329),,,"215, 216, 217",,,,
,,POINT (16.385904015044513 48.08023267588115),,,"215, 216, 217",,,,
,,POINT (16.381403437623995 48.0805027792448),,,"215, 216, 217",,,,
,,POINT (16.405864432182124 48.08665992568381),,,"215, 216, 217",,,,
,,POINT (16.538015415589978 48.28509315128295),,,"520, 522",,,,
,,POINT (16.46733628077685 48.294034877348935),,,"510, 511",,,,
,,POINT (16.117093317901805 48.030618576455964),,,306,,,,
,,POINT (16.112601746001584 48.03377826526974),,,306,,,,
,,POINT (16.160885992192178 48.02494726060109),,,306,,,,
,,POINT (16.188383727584306 48.23945810918027),,,"450, 458",,,,
,,POINT (16.188338823011136 48.23745381841842),,,"450, 458",,,,
,,POINT (16.13478149292 48.240636856024736),,,"447, 451, 458",,,,
,,POINT (16.237225114383975 48.342392169646445),,,403,,,,
,,POINT (16.25126500809224 48.00502696666956),,,308,,,,
,,POINT (16.23082013563276 48.33790789725002),,,403,,,,
,,POINT (16.233443227507998 48.34021278374937),,,403,,,,
,,POINT (16.22742454514415 48.334695216308845),,,403,,,,
,,POINT (16.21783511240663 48.39326250479551),,,1,,,,
,,POINT (16.64734006609041 48.37118123625319),,,531,,,,
,,POINT (16.633452142259827 48.3745706332623),,,"520, 530, 531",,,,
,,POINT (16.629760050335648 48.37016075781489),,,"520, 530, 531",,,,
,,POINT (16.640423003359185 48.372774535231684),,,"520, 530, 531",,,,
,,POINT (16.209399959687314 48.39767638903642),,,1,,,,
,,POINT (16.24186865014791 48.00369868236147),,,"108, 301, 302, 303, 306, 308, 310, 315, 320, A, B, C, SV510",,,,
,,POINT (16.254624709878392 48.01315222422266),,,"301, 302, 303",,,,
,,POINT (16.250806804689862 48.00234627952462),,,308,,,,
,,POINT (16.231636901575808 48.004005190804435),,,"301, 315",,,,
,,POINT (16.25101341724786 48.008464750069514),,,308,,,,
,,POINT (16.22183635314827 48.00593449089594),,,"303, 306, 308",,,,
,,POINT (16.230469101091753 48.00129440457154),,,"301, 303, 315",,,,
,,POINT (16.21644648013349 48.00609679513682),,,"303, 306, 308",,,,
,,POINT (16.250465526978704 48.012286832388185),,,"301, 302, 303, 308, C",,,,
,,POINT (16.231794302007213 48.0078156355488),,,B,,,,
,,POINT (16.19733039365396 48.01561606900031),,,"306, 308",,,,
,,POINT (16.230028915723114 48.00686607837424),,,"303, 306, 308",,,,
,,POINT (16.233424496489704 48.005814280043936),,,"108, 301, 302, 303, 306, 308, 310, 315, 320, A, B, SEV 108",,,,
,,POINT (16.25185779548886 48.000675286572644),,,308,,,,
,,POINT (16.226211034900697 48.007004281619395),,,"303, 306, 308",,,,
,,POINT (16.20912522268497 48.009396286559195),,,"303, 306, 308",,,,
,,POINT (16.20431924895279 48.01085658454),,,"303, 306, 308",,,,
,,POINT (16.231421316294544 48.01014146132276),,,303,,,,
,,POINT (16.219294066754312 48.0064693908136),,,"108, 303, 306, 308",,,,
,,POINT (16.24095705154725 48.00383084892477),,,SEV ,,,,
,,POINT (16.23755677250516 48.00408328478236),,,"301, 302, 303, 306, 308, 310, 315, 320, A, B, C",,,,
,,POINT (16.213428096882893 48.007022394424936),,,"303, 306, 308",,,,
,,POINT (16.244940852154336 48.01116304338641),,,"301, 302, 303, 308, 310, 315, 320",,,,
,,POINT (16.251498500705797 48.00218397960882),,,308,,,,
,,POINT (16.168270044715236 48.019828277178),,,306,,,,
,,POINT (16.225618229577474 48.00331999975768),,,303,,,,
,,POINT (16.24957190761783 48.002382350298625),,,C,,,,
,,POINT (16.3524508849137 48.0831853948541),,,"200, 206, 210, 215, 216, 217, 329",,,,
,,POINT (16.346117815687858 48.08331150047326),,,"206, 215, 216, 217, 329",,,,
,,POINT (16.34625251806933 48.08443969457283),,,"206, 216, 268",,,,
,,POINT (16.338536055485076 48.08460770082602),,,"206, 215, 216, 217, 329",,,,
,,POINT (16.3484090105314 48.31570728944975),,,"856, R 21222, R3, REX3, S3, S4, SV903",,,,
,,POINT (16.354095301694414 48.324446441879005),,,850,,,,
,,POINT (16.356484795437396 48.326411529976355),,,850,,,,
,,POINT (16.3591527879081 48.32943961278083),,,850,,,,
,,POINT (16.361703981166052 48.33181059944658),,,"850, 853",,,,
,,POINT (16.35502062288502 48.33620588473886),,,"850, 853",,,,
,,POINT (16.604221052496076 48.3596805319583),,,"520, 530, 531",,,,
,,POINT (16.611003319943556 48.3597044259271),,,"520, 530, 531",,,,
,,POINT (16.601553067759532 48.360217732566596),,,"520, 530, 531",,,,
,,POINT (16.130675992436807 48.14032103897313),,,"250, 251, 252",,,,
,,POINT (16.130002294712174 48.14025513994778),,,"250, 251, 252",,,,
,,POINT (16.13976694848114 48.14066872858139),,,"250, 251, 252",,,,
,,POINT (16.15119338494126 48.13703593484328),,,250,,,,
,,POINT (16.19526456760378 48.1360167959411),,,"250, 254",,,,
,,POINT (16.194240469672618 48.13484170239298),,,"250, 253, 254",,,,
,,POINT (16.195569982436588 48.143629859226394),,,253,,,,
,,POINT (16.137485160230856 48.14101642877293),,,"250, 251, 252",,,,
,,POINT (16.17693905357608 48.13456002133651),,,250,,,,
,,POINT (16.204463226746594 48.13813897708896),,,"250, 253",,,,
,,POINT (16.204607026985794 48.13836077587117),,,253,,,,
,,POINT (16.160679534607173 48.13530933366763),,,250,,,,
,,POINT (16.20798460992623 48.13812697371617),,,"250, 253",,,,
,,POINT (16.145740715973727 48.13926002970996),,,250,,,,
,,POINT (16.197743858414906 48.137281687485284),,,"250, 253",,,,
,,POINT (16.168090599017276 48.13586092346363),,,250,,,,
,,POINT (16.21950995090475 48.13728166588812),,,"250, 253",,,,
,,POINT (16.257611775969487 48.00780961987415),,,C,,,,
,,POINT (16.300546497462292 48.11071751401025),,,"212, 270",,,,
,,POINT (16.27809770386463 48.10891204449736),,,"206, 212, 259",,,,
,,POINT (16.27479191655466 48.1074605547258),,,212,,,,
,,POINT (16.286946064154606 48.11071752708718),,,"212, 260",,,,
,,POINT (16.27264503595962 48.11148523771194),,,212,,,,
,,POINT (16.269006854140535 48.111569240692546),,,212,,,,
,,POINT (16.295165608141975 48.103105555062726),,,212,,,,
,,POINT (16.280873474178488 48.10150977721721),,,"212, 259",,,,
,,POINT (16.310077647022634 48.10847421552318),,,270,,,,
,,POINT (16.275313022111373 48.110915437781706),,,"206, 212, 259",,,,
,,POINT (16.303187581515157 48.10940391710742),,,270,,,,
,,POINT (16.275932813738226 48.108552248471845),,,259,,,,
,,POINT (16.28344267154576 48.10645275041753),,,212,,,,
,,POINT (16.26519795837051 48.10494117606445),,,212,,,,
,,POINT (16.296252620920086 48.111947012410155),,,"207, 212, 268",,,,
,,POINT (16.278771494047113 48.10603285734301),,,"212, 259",,,,
,,POINT (16.30583757690429 48.11309859702825),,,207,,,,
,,POINT (16.280172796006962 48.1099017372368),,,212,,,,
,,POINT (16.30474168032566 48.111839104673415),,,270,,,,
,,POINT (16.278052796446026 48.105481060397715),,,212,,,,
,,POINT (16.285913060069795 48.1064287481464),,,"206, 207, 212, 259, 260, 268, 269, SV510",,,,
,,POINT (16.272393440069536 48.11317062913989),,,212,,,,
,,POINT (16.57036371456321 48.357746673759735),,,"530, 531",,,,
,,POINT (16.27392961437331 48.104575268983595),,,212,,,,
,,POINT (16.270336332733805 48.1048871711443),,,212,,,,
,,POINT (16.272429415937296 48.102103681992546),,,212,,,,
,,POINT (16.26906975564203 48.11263083552883),,,212,,,,
,,POINT (16.30459788413659 48.11351849644389),,,"268, 270",,,,
,,POINT (16.286146560380605 48.107418544010045),,,"207, 212, 260, 268, 269",,,,
,,POINT (16.270677735953115 48.10717856002905),,,212,,,,
,,POINT (16.276965906692077 48.10807234956715),,,"212, 259",,,,
,,POINT (16.285149461617895 48.10539705460167),,,"206, 207, 260, 268, 269, 329, SV510",,,,
,,POINT (16.28876964195789 48.104533254853465),,,"212, R3, S1, S2, S3, S4",,,,
,,POINT (16.19511186176203 48.13300721084541),,,"250, 253",,,,
,,POINT (16.30821805725753 48.10931391303548),,,270,,,,
,,POINT (16.281915590220795 48.11143122818117),,,260,,,,
,,POINT (16.250703710605446 48.008224322175856),,,C,,,,
,,POINT (16.154076915961408 48.11243304874468),,,"249, 255",,,,
,,POINT (16.18221207964641 48.112750920086825),,,"249, 255",,,,
,,POINT (16.164398564097908 48.11129944447083),,,"249, 255",,,,
,,POINT (16.17688510463258 48.112421027239726),,,"249, 255",,,,
,,POINT (16.189865644636853 48.11358450810158),,,"249, 255",,,,
,,POINT (16.21033815858433 48.1202894562236),,,"249, 255",,,,
,,POINT (16.204696783235246 48.118820169391505),,,"249, 255",,,,
,,POINT (16.19429432504549 48.114706098598674),,,"249, 255",,,,
,,POINT (16.19981890390191 48.11713498144556),,,"249, 255",,,,
,,POINT (16.17021963712771 48.11234303352476),,,"249, 255",,,,
,,POINT (16.218081629377256 48.12372553246148),,,"249, 255",,,,
,,POINT (16.49469889617831 48.316501643272694),,,"512, 513, REX 24212, REX 24312, REX2, S2, S7",,,,
,,POINT (16.4930010921725 48.311065071124105),,,512,,,,
,,POINT (16.503735953747874 48.31754113018572),,,512,,,,
,,POINT (16.49013550733184 48.3110830738798),,,"512, 513",,,,
,,POINT (16.329953188153567 48.34079788515977),,,2,,,,
,,POINT (16.333020955721683 48.34720445388365),,,"1, 830, 831, 832, 850, 853, 857, 858",,,,
,,POINT (16.33636273678745 48.346249154927484),,,"2, 830, 831, 832, 850, 853, 857",,,,
,,POINT (16.35054709863195 48.36072537196522),,,858,,,,
,,POINT (16.327931999779064 48.34153828273032),,,2,,,,
,,POINT (16.32314404416082 48.3569769120531),,,1,,,,
,,POINT (16.34881326841123 48.34292945896787),,,"853, 857",,,,
,,POINT (16.31907466598913 48.357758811124555),,,1,,,,
,,POINT (16.317790070200385 48.356815716060396),,,1,,,,
,,POINT (16.329252488316612 48.33828399760316),,,2,,,,
,,POINT (16.326216226759726 48.355383118077775),,,1,,,,
,,POINT (16.32412770768778 48.35101934465821),,,"1, 830, 831, 832, 857",,,,
,,POINT (16.33294014751821 48.343634070607536),,,"1, 2, 830, 831, 832, 850, 853, 857, 858",,,,
,,POINT (16.317354451667963 48.35605162713388),,,"1, 830, 831, 832",,,,
,,POINT (16.32948611421694 48.35768120470203),,,1,,,,
,,POINT (16.49716029328983 48.32068922128528),,,512,,,,
,,POINT (16.497447776579616 48.31354445488791),,,512,,,,
,,POINT (16.49395330800089 48.32007992761328),,,"512, 513",,,,
,,POINT (16.496055376513702 48.310820168985515),,,512,,,,
,,POINT (16.499055671842413 48.315432344378586),,,512,,,,
,,POINT (16.491977003781432 48.31400455808332),,,"512, 513",,,,
,,POINT (16.623803651850597 48.07876815262885),,,"222, 272",,,,
,,POINT (16.618036480405326 48.07915825555368),,,"222, 272",,,,
,,POINT (16.10927849710227 48.27670030861141),,,449,,,,
,,POINT (16.112602286150732 48.27961179135371),,,449,,,,
,,POINT (16.10873961766909 48.28484247038718),,,"411, 441, 449",,,,
,,POINT (16.279140235440185 48.30903988849411),,,"400, 404, 406",,,,
,,POINT (16.276786648380416 48.30955378857976),,,"400, 404, 406",,,,
,,POINT (16.28885098204014 48.30644679106766),,,"400, 404, 406",,,,
,,POINT (16.266968093740996 48.30839460332413),,,"400, 404, 406",,,,
,,POINT (16.26217111714374 48.307976409924734),,,"400, 404, 406",,,,
,,POINT (16.272151370699554 48.309081794885024),,,"400, 404, 406",,,,
,,POINT (16.290746372270835 48.30587919232386),,,"400, 404, 406",,,,
,,POINT (16.439277364781525 48.13270120960581),,,"70A, R 7435, R95, S60",,,,
,,POINT (16.445462133998337 48.13090847616151),,,266,,,,
,,POINT (16.435580684725046 48.13205968042069),,,"266, 70A",,,,
,,POINT (16.380038608129432 48.33937074582514),,,853,,,,
,,POINT (16.374765434981107 48.339890248269306),,,853,,,,
,,POINT (16.36716577706524 48.34224284421255),,,857,,,,
,,POINT (16.38488048041613 48.337621149132474),,,853,,,,
,,POINT (16.60609796999244 48.09366219818077),,,"221, 272",,,,
,,POINT (16.60547816965449 48.09197610683623),,,"221, 272",,,,
,,POINT (16.60388806995242 48.08859792484804),,,"221, 272",,,,
,,POINT (16.463788095851687 48.3385943676664),,,"500, 505, G3",,,,
,,POINT (16.406467004960113 48.39757484212502),,,857,,,,
,,POINT (16.340045694657356 48.289683921783706),,,400,,,,
,,POINT (16.338105308273366 48.291578613745095),,,400,,,,
,,POINT (16.329562358485106 48.295278104540245),,,"1, 2, 401",,,,
,,POINT (16.30351142445072 48.312965145883),,,"402, 403",,,,
,,POINT (16.401499328976325 48.39722884896025),,,857,,,,
,,POINT (16.309808589089954 48.310485751112964),,,"402, 403",,,,
,,POINT (16.293387479319083 48.31527714481703),,,402,,,,
,,POINT (16.304310908029382 48.30700247346685),,,"400, 404, 406",,,,
,,POINT (16.320004325026105 48.30400887249699),,,"401, 402, 403, 404, 406",,,,
,,POINT (16.3054292823851 48.32179439134089),,,1,,,,
,,POINT (16.32700651326649 48.20499673484743),,,"48A, 9",,,,
,,POINT (16.2573198685315 48.138066925242484),,,"250, 253, 257, N61",,,,
,,POINT (16.30003916910119 48.15062441071427),,,"62A, 64A, N65",,,,
,,POINT (16.25326418248701 48.21152814946087),,,"43B, 52A, 52B",,,,
,,POINT (16.481318457356938 48.275743402197406),,,25A,,,,
,,POINT (16.354997908598897 48.22790370848876),,,"37, 38, N38",,,,
,,POINT (16.411344526651394 48.280585895747016),,,"30, 31, 36A, 36B, 501, N31",,,,
,,POINT (16.32417695917257 48.29964068532116),,,1,,,,
,,POINT (16.326144348635545 48.29842158964267),,,1,,,,
,,POINT (16.10275642054302 48.091088601702054),,,252,,,,
,,POINT (16.13069380870064 48.05696583661278),,,308,,,,
,,POINT (16.347339991201324 48.30420004510842),,,856,,,,
,,POINT (16.345615208464945 48.30800022870317),,,856,,,,
,,POINT (16.346369816157125 48.313640200821176),,,856,,,,
,,POINT (16.35145429592073 48.31534878785858),,,856,,,,
,,POINT (16.340090727234177 48.34996263335992),,,858,,,,
,,POINT (16.336421008257446 48.30627344610966),,,3,,,,
,,POINT (16.13730573429142 48.21986035265773),,,"447, 448",,,,
,,POINT (16.136955341233975 48.22242204078064),,,"447, 448",,,,
,,POINT (16.39693999882098 48.15288973949184),,,"68A, 68B, N68",,,,
,,POINT (16.497901134573066 48.17348967871125),,,92B,,,,
,,POINT (16.483312675690904 48.224151346532864),,,"84A, N84",,,,
,,POINT (16.480447088547518 48.22272695517447),,,"84A, 97A",,,,
,,POINT (16.429018683249826 48.18240897913581),,,72A,,,,
,,POINT (16.447002913990264 48.19570410494483),,,"79A, 79B",,,,
,,POINT (16.343194047333114 48.14246082320708),,,"67A, 67B",,,,
,,POINT (16.219047542982864 48.20613429673546),,,"50A, 50B",,,,
,,POINT (16.221032834256526 48.207193990864795),,,"50A, 50B, N49",,,,
,,POINT (16.42835398556477 48.181396684007794),,,72A,,,,
,,POINT (16.386340106155647 48.26496281195723),,,"36A, 36B",,,,
,,POINT (16.329944028740094 48.225839033420776),,,42,,,,
,,POINT (16.223821998725935 48.21398249590182),,,"450, 50B",,,,
,,POINT (16.398287558213067 48.20040451228065),,,"77A, N75",,,,
,,POINT (16.272420485266736 48.13373253131356),,,255,,,,
,,POINT (16.345610493120763 48.184068122793555),,,"18, 59A, 6, N6",,,,
,,POINT (16.414142740948144 48.243280897821464),,,"20A, 20B",,,,
,,POINT (16.376907747056993 48.18858388250906),,,13A,,,,
,,POINT (16.35542914320375 48.2539465836983),,,38A,,,,
,,POINT (16.438100713832522 48.23607151803285),,,"25, 93A",,,,
,,POINT (16.337139434391105 48.1837985296867),,,12A,,,,
,,POINT (16.479485932813773 48.25138051919182),,,"24A, 86A, N24",,,,
,,POINT (16.384309803989513 48.1835350014648),,,69A,,,,
,,POINT (16.31823909453075 48.23244560965072),,,40,,,,
,,POINT (16.521643602847696 48.23435417460644),,,89A,,,,
,,POINT (16.28254007929476 48.16838553736626),,,"56A, 56B, 60, 62, N60, N62",,,,
,,POINT (16.3162761658294 48.22293056312268),,,445,,,,
,,POINT (16.341640056255606 48.21522747721115),,,"33, 44",,,,
,,POINT (16.320035671258672 48.222098657322746),,,"10A, 2, 42, 42A, 43, N43",,,,
,,POINT (16.370215340633322 48.233031973867),,,"1, 31, 33, 5B, N31",,,,
,,POINT (16.477069383765677 48.20748122987641),,,"93A, N91",,,,
,,POINT (16.33574707683286 48.209031809833114),,,"46, N46",,,,
,,POINT (16.335720178672698 48.21107910045786),,,2,,,,
,,POINT (16.298008972395372 48.14623713300851),,,"60A, 62A, 66A, N65, N66",,,,
,,POINT (16.347254495742096 48.19123088750935),,,57A,,,,
,,POINT (16.426009516419388 48.268036372358665),,,31A,,,,
,,POINT (16.229615980188047 48.12750310306124),,,"249, 255",,,,
,,POINT (16.440813572434593 48.21605341119008),,,"93A, N90",,,,
,,POINT (16.288989973844984 48.18715854414115),,,"10, N54",,,,
,,POINT (16.392295727621544 48.15685702414574),,,15A,,,,
,,POINT (16.430842251177992 48.16577915748669),,,"69A, 73A, N71",,,,
,,POINT (16.34514343497317 48.21237808833018),,,"33, 5",,,,
,,POINT (16.400443524500933 48.25592634630244),,,"150, 151, 28A, 29A, 29B, 33A, 500, 501, 502, 505, 850, N30, N31, SV900, SV901, SV903",,,,
,,POINT (16.39944643133538 48.257212241174805),,,"150, 151, 2, 25, 26, 30, 31, 33, 500, 501, 502, 505, 850",,,,
,,POINT (16.400695026022966 48.25728993977841),,,"2, 25, 26",,,,
,,POINT (16.3991499329868 48.25702084222093),,,"28A, 29A, 29B, N29, N30, N31",,,,
,,POINT (16.398997231669863 48.25550164925075),,,"25, 26, 30",,,,
,,POINT (16.281516188637088 48.242586983909206),,,"43A, 43B",,,,
,,POINT (16.37210174801014 48.17278276062179),,,"11, 7A, N65, N66, O",,,,
,,POINT (16.372613743106847 48.17128506718803),,,7A,,,,
,,POINT (16.472748444875204 48.164484937620955),,,"73A, 76B, 79A, 79B",,,,
,,POINT (16.472802343593248 48.163442342827814),,,"73A, 76B, 79A, 79B",,,,
,,POINT (16.48310606651563 48.21655018320369),,,"92A, 93A, 97A, 98A, N26, N91",,,,
,,POINT (16.481489104274424 48.23808188101313),,,"26E, N23",,,,
,,POINT (16.29786527079424 48.143935444180286),,,60A,,,,
,,POINT (16.295044589091873 48.147351929752105),,,"58A, 58B, 66A, N66",,,,
,,POINT (16.288361121992143 48.14710623570298),,,"56A, 58B, 60A",,,,
,,POINT (16.28750772436624 48.146560838362994),,,SV510,,,,
,,POINT (16.288343122387076 48.14774153192558),,,"60A, 66A, N66",,,,
,,POINT (16.2642728368959 48.139044113635286),,,"250, N60",,,,
,,POINT (16.280132656432258 48.21519751576722),,,"46A, 46B",,,,
,,POINT (16.36568777922127 48.17239336586566),,,7A,,,,
,,POINT (16.465678804955118 48.18278025508169),,,79A,,,,
,,POINT (16.393140194461488 48.20821757812964),,,"1, N29",,,,
,,POINT (16.283402555615638 48.22588096216798),,,44A,,,,
,,POINT (16.297506091435974 48.228717540447896),,,44A,,,,
,,POINT (16.263963049095782 48.153249420814426),,,56A,,,,
,,POINT (16.361115433366663 48.19500356127181),,,"59A, N62, N71",,,,
,,POINT (16.397191489337033 48.14674056885368),,,"68B, N68",,,,
,,POINT (16.34537703783196 48.21549677348899),,,"33, 43, 44, N43",,,,
,,POINT (16.321401045926162 48.20854692161052),,,48A,,,,
,,POINT (16.32076324487422 48.20593073458645),,,48A,,,,
,,POINT (16.451332894993065 48.26986604874308),,,29A,,,,
,,POINT (16.269990734093504 48.16375406716666),,,56A,,,,
,,POINT (16.451952585243394 48.19238661725843),,,"79A, 79B",,,,
,,POINT (16.33713040143695 48.15992514349005),,,"16A, N65",,,,
,,POINT (16.255941157485093 48.20264989035969),,,"450, 451, 453, 49, 49A, 50A, 50B, N49",,,,
,,POINT (16.42101480290066 48.240068208945495),,,"20A, 20B",,,,
,,POINT (16.39106518170024 48.263276417256286),,,"36A, 36B",,,,
,,POINT (16.297883352618417 48.202625863972266),,,51A,,,,
,,POINT (16.399662030031415 48.257146440999236),,,25,,,,
,,POINT (16.269433753541467 48.17507731353738),,,54B,,,,
,,POINT (16.337337212514445 48.24060075853627),,,"35A, N35",,,,
,,POINT (16.504607029073142 48.21559241517814),,,"26A, 550, 552, N26",,,,
,,POINT (16.278902047013695 48.203685670814195),,,47A,,,,
,,POINT (16.290571094527746 48.20675694915091),,,51A,,,,
,,POINT (16.38341149649575 48.174963342728354),,,"11, 6, N6",,,,
,,POINT (16.295907017632956 48.1705003190851),,,"56A, 58A, 58B, 62, N62",,,,
,,POINT (16.51799637694393 48.20291912622088),,,88B,,,,
,,POINT (16.35698320104633 48.22984849772877),,,"1, 31, 33, D",,,,
,,POINT (16.39848522917418 48.251835166564454),,,33A,,,,
,,POINT (16.336313099959003 48.2284123173037),,,"40, 41, N41",,,,
,,POINT (16.387786317052342 48.27790174915529),,,"26, 850, N20",,,,
,,POINT (16.302249110918922 48.18847612890843),,,"51A, N54, N60",,,,
,,POINT (16.303964802358156 48.18839822859545),,,"51A, N54",,,,
,,POINT (16.273691841513386 48.253121238624935),,,43A,,,,
,,POINT (16.407558141828858 48.22135640649326),,,"11A, 11B",,,,
,,POINT (16.38227055835933 48.14347979396757),,,"16A, 17A, 67A, 67B, N17, N67",,,,
,,POINT (16.29632029968562 48.23060253141434),,,"43, N43",,,,
,,POINT (16.337615634287072 48.25719427908547),,,38A,,,,
,,POINT (16.386852029388308 48.21114496791021),,,"1, N29, O",,,,
,,POINT (16.36571473873691 48.21507176226763),,,"1, 2, 3A, 71, D, E4, N25, N38, N60, N66",,,,
,,POINT (16.24950930663194 48.21473663698608),,,"43B, 52A, 52B",,,,
,,POINT (16.364079831011818 48.203805317599816),,,"1, 2, 57A, 71, D, N25, N38, N60, N66",,,,
,,POINT (16.361667946244243 48.26978239547937),,,400,,,,
,,POINT (16.36068425571541 48.210246988430406),,,"1, 2, 71, D, N25, N38, N60, N66",,,,
,,POINT (16.36658611278592 48.19959623632517),,,"59A, N62, N66, N71",,,,
,,POINT (16.36597531507706 48.19958423633623),,,"59A, N60, N62, N71",,,,
,,POINT (16.33133645154425 48.24777962815831),,,39A,,,,
,,POINT (16.218279433666382 48.21804078167161),,,450,,,,
,,POINT (16.374967434610088 48.24519531313477),,,"11A, N29",,,,
,,POINT (16.475407464950663 48.18793702417979),,,92B,,,,
,,POINT (16.270898016864447 48.15436411132445),,,"56A, 60, N60",,,,
,,POINT (16.348503066796145 48.17496936443849),,,7A,,,,
,,POINT (16.356668744743498 48.188320395845736),,,"12A, 14A, 59A, N62",,,,
,,POINT (16.487992927306333 48.27773428797131),,,25A,,,,
,,POINT (16.224096022625545 48.20924737853107),,,"451, 453, 50A, 50B, N49, SV110",,,,
,,POINT (16.262310225290314 48.20160209115588),,,"47B, 49",,,,
,,POINT (16.515993196099707 48.20978599502589),,,98A,,,,
,,POINT (16.355626827944043 48.244262029797646),,,"10A, 37, 39A",,,,
,,POINT (16.394811072653567 48.19834482437091),,,74A,,,,
,,POINT (16.404378098205036 48.25031577088759),,,33A,,,,
,,POINT (16.360693271557068 48.221093136898205),,,"1, D",,,,
,,POINT (16.360747170071317 48.220799838697175),,,N38,,,,
,,POINT (16.360199173406915 48.22065623904846),,,40A,,,,
,,POINT (16.461375898264883 48.23469531017688),,,95A,,,,
,,POINT (16.349006189227932 48.193009477947),,,57A,,,,
,,POINT (16.46596627533022 48.234934605489904),,,"22A, 95A, 95B, 98A, N23, N24",,,,
,,POINT (16.471724448093532 48.23581419825441),,,"22A, 95A, 95B, N23, N24",,,,
,,POINT (16.468310861010234 48.23304981330493),,,22A,,,,
,,POINT (16.492807876254414 48.25843817698726),,,"28A, 85A",,,,
,,POINT (16.277644345382438 48.19800359947232),,,"49, N49",,,,
,,POINT (16.468193955878803 48.15599998102445),,,"71B, 79A, 79B",,,,
,,POINT (16.272132998977476 48.13902610688147),,,"250, 253, 259",,,,
,,POINT (16.364960243033345 48.215640460134466),,,40A,,,,
,,POINT (16.370547695207215 48.20125472534058),,,"71, U2Z",,,,
,,POINT (16.49729944408376 48.251123309321834),,,"24A, 28A, 97A, N24",,,,
,,POINT (16.450407439846177 48.154292100446995),,,"71B, N71",,,,
,,POINT (16.34921287448178 48.254568584689494),,,38A,,,,
,,POINT (16.34817977843243 48.25371328946209),,,38A,,,,
,,POINT (16.374796720075768 48.233486669433184),,,5A,,,,
,,POINT (16.2781114660327 48.215131717397234),,,"46A, 46B, 52B",,,,
,,POINT (16.332576165323392 48.261446462142565),,,38A,,,,
,,POINT (16.42363778805251 48.16716315554484),,,"11, 71, N71",,,,
,,POINT (16.47370962943982 48.15668917436978),,,"79A, 79B",,,,
,,POINT (16.316586204078895 48.23336700620969),,,40,,,,
,,POINT (16.363945198651102 48.25218808639338),,,"D, E4, N36",,,,
,,POINT (16.354782195261738 48.14605729875894),,,"16A, 17A, 66A, 67A, N66, N67",,,,
,,POINT (16.40733783361464 48.13702368406096),,,"17A, 266, 70A, N17",,,,
,,POINT (16.308663016134325 48.213856704204424),,,"33, 44",,,,
,,POINT (16.325093133691194 48.21318629738555),,,"2, 33, 44, 9",,,,
,,POINT (16.365741702710352 48.18941628528022),,,"1, 303, 62, N62, WLB",,,,
,,POINT (16.36606510293495 48.190524279363416),,,13A,,,,
,,POINT (16.365562003294944 48.18979358306322),,,13A,,,,
,,POINT (16.418584669085707 48.13225749582609),,,"266, 70A",,,,
,,POINT (16.31948764166452 48.19906936751542),,,"10A, 12A, 49, N49, U3",,,,
,,POINT (16.33287250351538 48.21808256856811),,,"42E, 43, 9, N43",,,,
,,POINT (16.35222205977545 48.18272642520296),,,12A,,,,
,,POINT (16.290103820915014 48.15308760604877),,,"56A, 58A, 58B",,,,
,,POINT (16.392646132136615 48.233265259348364),,,"11A, 11B",,,,
,,POINT (16.389016953691534 48.23658614604214),,,"11A, 11B, 37A, 5A",,,,
,,POINT (16.53630399643314 48.20976798265555),,,"26A, 88A, N26",,,,
,,POINT (16.408357601923427 48.19500953196345),,,"18, 77A, N75",,,,
,,POINT (16.369236070917612 48.178665334160826),,,14A,,,,
,,POINT (16.322407280763436 48.237423782961876),,,"41, N41",,,,
,,POINT (16.31657710892049 48.165228031440684),,,"16A, 62, 62A, 64B, N8, SV510",,,,
,,POINT (16.260998621855645 48.19474012520338),,,53A,,,,
,,POINT (16.30535717143521 48.17110541003443),,,8A,,,,
,,POINT (16.30309348190695 48.17071601377185),,,8A,,,,
,,POINT (16.484327791874726 48.2390510748654),,,"26, 26E, 85A, 95B, 97A, N23, N24",,,,
,,POINT (16.487741372327378 48.23708268196566),,,"26, 26E, 85A, 95B, 97A, N23, N24",,,,
,,POINT (16.437615515636388 48.163993661302776),,,"73A, N71",,,,
,,POINT (16.34750598990683 48.18853000067323),,,"12A, N60",,,,
,,POINT (16.34738918775118 48.186781208955985),,,12A,,,,
,,POINT (16.41030685685222 48.169493752744806),,,69A,,,,
,,POINT (16.410540456916344 48.17042834794623),,,15A,,,,
,,POINT (16.418212010456376 48.16354427597966),,,"69A, 72A",,,,
,,POINT (16.38275573317032 48.199051328250086),,,4A,,,,
,,POINT (16.461321895409977 48.16017076532088),,,"71B, 73A, N71",,,,
,,POINT (16.338190525890642 48.18143274032984),,,"59A, 63A, N8",,,,
,,POINT (16.414097899782753 48.286073593707506),,,"30, 31, N31",,,,
,,POINT (16.295188358209547 48.197308991776005),,,"49, N49",,,,
,,POINT (16.348961351046814 48.23728616732988),,,"10A, 35A, 38, N35, N38",,,,
,,POINT (16.36149276307568 48.21825015054339),,,40A,,,,
,,POINT (16.25692935185959 48.20172779450513),,,"43B, 450, 451, 49A, 50A, 50B, 52A, 52B, N49",,,,
,,POINT (16.33612438267447 48.21481438243139),,,"33, 44",,,,
,,POINT (16.407495282509554 48.24970567128253),,,33A,,,,
,,POINT (16.36357679115082 48.174100759363164),,,7A,,,,
,,POINT (16.406058033130044 48.28123162169625),,,"30A, 32A",,,,
,,POINT (16.41079206446906 48.249161371861476),,,33A,,,,
,,POINT (16.410720202353907 48.27550434617882),,,"30A, 31A, 32A, 36A, 36B",,,,
,,POINT (16.434678048285985 48.17711990107923),,,"76A, 76B",,,,
,,POINT (16.41552619681968 48.288494381885585),,,"30, 31, N31",,,,
,,POINT (16.492668624717343 48.2789598247886),,,"25A, 25B, 511, 520",,,,
,,POINT (16.43696882438121 48.24014599904617),,,"26A, N26",,,,
,,POINT (16.30125191193496 48.18585894203584),,,"56A, 56B, 58A, 58B",,,,
,,POINT (16.301817910416347 48.186020640867945),,,"56A, 56B, 58A, 58B",,,,
,,POINT (16.2911189285014 48.16221416123893),,,"58A, 58B, 63A",,,,
,,POINT (16.290984229153622 48.16181866360785),,,"58B, 63A",,,,
,,POINT (16.291424427041598 48.16175876314539),,,"56A, 58A",,,,
,,POINT (16.291864525537928 48.162250060855115),,,63A,,,,
,,POINT (16.412444929801026 48.2298484629896),,,N25,,,,
,,POINT (16.28200106050213 48.15241641410656),,,"56A, 58B, 60A",,,,
,,POINT (16.397497042688588 48.25822293669941),,,"176, 26, 33A, 34A, 850, N20, N29, N31",,,,
,,POINT (16.383689964668253 48.225533801429115),,,"1, 2, 5, N29",,,,
,,POINT (16.42528175722012 48.22217639164),,,"92A, 92B, N90",,,,
,,POINT (16.464906267418115 48.2254320516914),,,26A,,,,
,,POINT (16.47487751827274 48.225342246268724),,,22A,,,,
,,POINT (16.251220297240913 48.13727563534583),,,"250, 253, N61",,,,
,,POINT (16.41770891012834 48.16172268488543),,,72A,,,,
,,POINT (16.244110436927503 48.217699525679635),,,52A,,,,
,,POINT (16.405222532045975 48.27753704022855),,,"30A, 31A, 32A, 36A, 36B",,,,
,,POINT (16.44376006580408 48.22170948270522),,,94A,,,,
,,POINT (16.40526743554889 48.20887606729443),,,1,,,,
,,POINT (16.35463862559724 48.238716157134235),,,37,,,,
,,POINT (16.372056756253972 48.17839583345108),,,"1, 11, 120, 14A, 18, 200, 210, N66, O, U2Z",,,,
,,POINT (16.355204555469484 48.19072788493916),,,"12A, 14A, 59A, N62",,,,
,,POINT (16.479306227096522 48.24739663857186),,,85A,,,,
,,POINT (16.283690052838093 48.224600268219895),,,44A,,,,
,,POINT (16.46530154231057 48.208756330937),,,95A,,,,
,,POINT (16.470296069714557 48.17346569655898),,,"76A, 76B, 79B",,,,
,,POINT (16.322173606839 48.18340324108881),,,10A,,,,
,,POINT (16.39779337385959 48.13803091028337),,,"17A, N17",,,,
,,POINT (16.341972484815933 48.23706477212406),,,10A,,,,
,,POINT (16.28659153816483 48.2243130679269),,,44A,,,,
,,POINT (16.396104563863833 48.19649453199558),,,"74A, 77A",,,,
,,POINT (16.350641083599708 48.19496766817298),,,"13A, 14A, 57A, N71",,,,
,,POINT (16.461923775052597 48.14807112269526),,,"71A, 71B, N71",,,,
,,POINT (16.374859521899506 48.163718102310746),,,15A,,,,
,,POINT (16.360172116154676 48.17979143401451),,,14A,,,,
,,POINT (16.52645401844976 48.21397020177831),,,"26A, 550, 552, 88A, 88B, N26",,,,
,,POINT (16.526557351548302 48.215017763923),,,98A,,,,
,,POINT (16.52625195246116 48.21459286556632),,,"98A, 99A, 99B, N26",,,,
,,POINT (16.531587928438764 48.216041355656586),,,"98A, 99A, 99B",,,,
,,POINT (16.475659011637642 48.22334935502559),,,"22A, 26A, 550, 552, 84A, 93A, 97A, 98A",,,,
,,POINT (16.34481997810611 48.17005699067762),,,"15A, 63A, 7A, N62",,,,
,,POINT (16.29214307879693 48.20144037353672),,,51A,,,,
,,POINT (16.299509233391422 48.194716201500825),,,"51A, 52, 60",,,,
,,POINT (16.35079378777381 48.19808135283824),,,14A,,,,
,,POINT (16.260441757638016 48.21854351153396),,,52B,,,,
,,POINT (16.46929005231959 48.23025532639177),,,95B,,,,
,,POINT (16.298512058248022 48.13713767638686),,,"61A, 64A",,,,
,,POINT (16.4899871466155 48.22663493059295),,,"84A, 97A, N84",,,,
,,POINT (16.288136677595787 48.25831870485938),,,43A,,,,
,,POINT (16.41544535769425 48.26016061711493),,,"28A, 29A, 29B, N30",,,,
,,POINT (16.44881748040152 48.17796448835679),,,"76A, 76B",,,,
,,POINT (16.4256679845427 48.17118923451932),,,"69A, 72A",,,,
,,POINT (16.34044525621262 48.210743898977334),,,"2, 33, 5",,,,
,,POINT (16.331731713121346 48.221595852745814),,,"42E, 9",,,,
,,POINT (16.31650516960996 48.137071765528496),,,"61A, 64A, N64",,,,
,,POINT (16.229894402076926 48.13798905275597),,,"250, 253",,,,
,,POINT (16.330617840508292 48.23712457905587),,,40A,,,,
,,POINT (16.45406367133622 48.2623912826776),,,"25A, N25",,,,
,,POINT (16.295062565998737 48.20276956536248),,,51A,,,,
,,POINT (16.37078120651184 48.21007338372306),,,"1A, 2A, 3A",,,,
,,POINT (16.29614959479572 48.22705394903833),,,44A,,,,
,,POINT (16.328344981731902 48.18695492026856),,,57A,,,,
,,POINT (16.419020516873296 48.1715726374739),,,"11, 71",,,,
,,POINT (16.385414704749046 48.18830237824356),,,"18, O",,,,
,,POINT (16.362759400110498 48.249149401695945),,,"D, E4, N36",,,,
,,POINT (16.306722697115422 48.19378800079662),,,"52, 60",,,,
,,POINT (16.295251228374457 48.176490990808695),,,"56A, 56B, 8A",,,,
,,POINT (16.326063367485304 48.23997856885668),,,40A,,,,
,,POINT (16.431938292997668 48.271988750328816),,,"28A, 29B",,,,
,,POINT (16.355527844952483 48.184074117177076),,,"12A, 14A, N62",,,,
,,POINT (16.362570602995103 48.17896483691216),,,14A,,,,
,,POINT (16.314847945003596 48.25581270718706),,,415,,,,
,,POINT (16.360091420110155 48.254131979418496),,,38A,,,,
,,POINT (16.34197250610075 48.25243329954449),,,"38, N38",,,,
,,POINT (16.480159567541293 48.20693043090044),,,93A,,,,
,,POINT (16.269864991937663 48.20411067508442),,,47A,,,,
,,POINT (16.29181070062357 48.21562850624346),,,45A,,,,
,,POINT (16.264816487910057 48.18430767281141),,,"54A, 54B",,,,
,,POINT (16.322721614154673 48.19030270740841),,,"18, 49, 5, 52, 60, N54",,,,
,,POINT (16.322559914718944 48.19014100869815),,,57A,,,,
,,POINT (16.387337208167693 48.26951928983017),,,34A,,,,
,,POINT (16.39005466491102 48.296359740635594),,,"32A, 510, 850",,,,
,,POINT (16.27043080288396 48.142616768369045),,,60,,,,
,,POINT (16.441280719672964 48.25185904010417),,,"25A, N25",,,,
,,POINT (16.36788876713196 48.243705724872896),,,5B,,,,
,,POINT (16.382710864425526 48.22215841804286),,,"1, 2, 5B, 71, N29, U2Z",,,,
,,POINT (16.427922906727844 48.26730687481043),,,31A,,,,
,,POINT (16.365463238413053 48.21396436780672),,,1A,,,,
,,POINT (16.45600395833022 48.18750583797897),,,79B,,,,
,,POINT (16.380491997414655 48.237375846723566),,,5A,,,,
,,POINT (16.331237571540104 48.189973303661915),,,12A,,,,
,,POINT (16.331992168730203 48.19023680223355),,,12A,,,,
,,POINT (16.40526749538779 48.25175736332458),,,33A,,,,
,,POINT (16.329476815838696 48.14415722391124),,,65A,,,,
,,POINT (16.49287076698845 48.251213011917855),,,"24A, N24",,,,
,,POINT (16.295709203551496 48.08832821120526),,,2,,,,
,,POINT (16.285549354238345 48.0891323134861),,,2,,,,
,,POINT (16.29810304713312 48.081619155412014),,,219,,,,
,,POINT (16.29892053310692 48.077069875805066),,,219,,,,
,,POINT (16.11537831514601 48.389576164314725),,,842,,,,
,,POINT (16.543872176617082 48.18767941011534),,,551,,,,
,,POINT (16.349450499836436 48.083149397448196),,,"215, 216, 217",,,,
,,POINT (16.14901068298536 48.22263142754927),,,"447, 448",,,,
,,POINT (16.14820220421693 48.230644590783186),,,"447, 448",,,,
,,POINT (16.310517591833037 48.03828914959645),,,301,,,,
,,POINT (16.2805548311159 48.12674153698016),,,"1, 2",,,,
,,POINT (16.12054309188141 48.163244939655925),,,"250, 253, 453, 458",,,,
,,POINT (16.28935406637407 48.3456104042496),,,403,,,,
,,POINT (16.304526542921113 48.32315039590209),,,"403, 413, SV810",,,,
,,POINT (16.157481916067645 48.30199524097608),,,445,,,,
,,POINT (16.1540144377349 48.30421223385247),,,"404, 411, 441, 445",,,,
,,POINT (16.140818292943674 48.2995093694184),,,"404, 411, 441, 444, 445, 449",,,,
,,POINT (16.145803871219755 48.30089575728467),,,"404, 411, 441, 444, 445, 449",,,,
,,POINT (16.151454249279105 48.30346523979064),,,"106, 404, 411, 441, 445",,,,
,,POINT (16.153277523016598 48.15932012599298),,,253,,,,
,,POINT (16.182077366121923 48.15190113344325),,,253,,,,
,,POINT (16.17357041628394 48.15583842292378),,,253,,,,
,,POINT (16.18119707595215 48.15432822214641),,,253,,,,
,,POINT (16.17738819589607 48.155263121460365),,,253,,,,
,,POINT (16.60840723327181 48.359829827403296),,,"520, 530, 531",,,,
,,POINT (16.42923017720245 48.38982645681316),,,501,,,,
,,POINT (16.304535030400725 48.088484216253946),,,"2, 214, 269, 270",,,,
,,POINT (16.329921159189066 48.06672759500242),,,"209, 219, 301, 309",,,,
,,POINT (16.330828456343458 48.067874188456805),,,"209, 219",,,,
,,POINT (16.29988174887582 48.08656402983951),,,"214, 215, 216, 217, 219, 269, 270, 303, 329",,,,
,,POINT (16.29588429502809 48.09881617499444),,,206,,,,
,,POINT (16.303960026464054 48.08547783055742),,,"2, 214, 219",,,,
,,POINT (16.290656092701845 48.08637203930216),,,"207, 214, 216, 217, 259, 261, 262, 263, 264, 265, 268, 269, 270",,,,
,,POINT (16.29085832508157 48.08694202068867),,,2,,,,
,,POINT (16.29582134945983 48.07758007655961),,,"259, 303",,,,
,,POINT (16.29565530611422 48.090014303307036),,,2,,,,
,,POINT (16.284017526861312 48.08682204355511),,,"2, 207, 259, 261, 262, 268, 269",,,,
,,POINT (16.273713966923168 48.082171275890325),,,"264, 265",,,,
,,POINT (16.304373317186776 48.08221324574556),,,"2, 214",,,,
,,POINT (16.283231640363738 48.07162589858166),,,1,,,,
,,POINT (16.28139014870133 48.07109770246924),,,1,,,,
,,POINT (16.28072973607806 48.083791561939265),,,"264, 265",,,,
,,POINT (16.287202235390954 48.08164914803532),,,1,,,,
,,POINT (16.287678342320348 48.087980217981844),,,2,,,,
,,POINT (16.300173873119792 48.0818711388175),,,3,,,,
,,POINT (16.301139206027536 48.02383562774091),,,301,,,,
,,POINT (16.20732045389179 48.38484539705044),,,"825, 828, 829, 840, 841",,,,
,,POINT (16.20659726815401 48.39387690895702),,,1,,,,
,,POINT (16.20286480376552 48.3972231422786),,,827,,,,
,,POINT (16.213941023860254 48.385710386437495),,,"826, 828, 829, 830, 831",,,,
,,POINT (16.185114165198563 48.38572831384729),,,825,,,,
,,POINT (16.231287340697484 48.386569465277184),,,830,,,,
,,POINT (16.622672271419773 48.31772021434366),,,523,,,,
,,POINT (16.20575712295991 48.27641321608873),,,"405, 415, 445",,,,
,,POINT (16.358766568987242 48.36560754064521),,,"857, 858",,,,
,,POINT (16.617003883119164 48.30988795696453),,,523,,,,
,,POINT (16.639264087838395 48.316555303795596),,,"521, 523, 524, 532",,,,
,,POINT (16.63545521446723 48.320241090308336),,,523,,,,
,,POINT (16.617668685176174 48.31266614307017),,,523,,,,
,,POINT (16.63257162921373 48.32056959117821),,,523,,,,
,,POINT (16.64005459446721 48.32154327916742),,,523,,,,
,,POINT (16.28836539651025 48.082795358528294),,,"207, 216, 259, 261, 262, 263, 264, 265, 268, 269, 270",,,,
,,POINT (16.285203311010097 48.08223726508977),,,"207, 216, 259, 263, 264, 265, 268, 270",,,,
,,POINT (16.12103707865556 48.11306877820188),,,251,,,,
,,POINT (16.130244733103563 48.11282287098308),,,251,,,,
,,POINT (16.137745672321305 48.101473917313804),,,255,,,,
,,POINT (16.299742685734046 48.089936301206826),,,2,,,,
,,POINT (16.30037147318895 48.08273533509906),,,3,,,,
,,POINT (16.249504492299067 48.08536988429619),,,"109, 265",,,,
,,POINT (16.44435709592205 48.11090327266632),,,217,,,,
,,POINT (16.46772272739661 48.36181155372845),,,501,,,,
,,POINT (16.633092608730422 48.26588945143836),,,"551, 554",,,,
,,POINT (16.63661398655496 48.263335960603825),,,551,,,,
,,POINT (16.165854064501872 48.251643972767695),,,449,,,,
,,POINT (16.55252295791184 48.19880564886957),,,"551, 552, 553",,,,
,,POINT (16.32404630748861 48.07583945732458),,,"209, 309",,,,
,,POINT (16.579489826615454 48.01309180789016),,,"227, 248",,,,
,,POINT (16.450973517470434 48.284447679315505),,,32A,,,,
,,POINT (16.34396663839038 48.21080379655636),,,"2, 33, 5",,,,
,,POINT (16.335351849659055 48.18898510561596),,,"57A, N8",,,,
,,POINT (16.38925946516504 48.17379524497486),,,"11, 6, N6",,,,
,,POINT (16.448943427951313 48.284459580655906),,,32A,,,,
,,POINT (16.38601655252622 48.152775947535666),,,19A,,,,
,,POINT (16.535441609313338 48.21554455523395),,,98A,,,,
,,POINT (16.33892706853688 48.14277252459115),,,67A,,,,
,,POINT (16.45430629101804 48.27742941068578),,,"29A, 29B, N25",,,,
,,POINT (16.385693148308185 48.14890426572047),,,19A,,,,
,,POINT (16.451755060865487 48.24673865840962),,,"22A, 26E, N23, N24",,,,
,,POINT (16.50634540028007 48.25104550434666),,,"24A, N24",,,,
,,POINT (16.304822293936528 48.026377011999585),,,301,,,,
,,POINT (16.29980072112303 48.0277107107893),,,"329, SEV 303, WLB",,,,
,,POINT (16.45861311474294 48.01297172643961),,,226,,,,
,,POINT (16.323188927130865 48.345061069256694),,,2,,,,
,,POINT (16.46792919110936 48.2995867501954),,,510,,,,
,,POINT (16.31349113229677 48.06382202495923),,,"303, WLB",,,,
,,POINT (16.32163879076484 48.06277742216303),,,"263, 301",,,,
,,POINT (16.315395524825206 48.06442832005208),,,"263, 301",,,,
,,POINT (16.323327575067374 48.05956543530085),,,"263, 301",,,,
,,POINT (16.49434795102303 48.01772486882031),,,"222, 226, AST",,,,
,,POINT (16.570695758528565 48.1935302560518),,,"550, 553",,,,
,,POINT (16.14174335689256 48.19466246886736),,,"452, 453, 457, 458",,,,
,,POINT (16.152073915840127 48.198686339275824),,,"452, 453, 457, 458",,,,
,,POINT (16.146522339216396 48.19718335185144),,,"452, 453, 457, 458",,,,
,,POINT (16.628053148728778 48.319333101536),,,523,,,,
,,POINT (16.620956465927893 48.31086184898684),,,523,,,,
,,POINT (16.634350307447104 48.314709317714865),,,523,,,,
,,POINT (16.6456600596359 48.31771419284259),,,"521, 523, 524, 532",,,,
,,POINT (16.633128615379672 48.31564721442175),,,"521, 524, 532",,,,
,,POINT (16.60889222560272 48.31157885690023),,,"523, 524",,,,
,,POINT (16.620183974442348 48.31349063706919),,,"521, 524, 532",,,,
,,POINT (16.141841968535587 48.10911017707693),,,"249, 255",,,,
,,POINT (16.21704888304949 48.283138672538264),,,405,,,,
,,POINT (16.30313348408973 48.018163752654544),,,"301, SV720",,,,
,,POINT (16.28682917016111 48.02134225370365),,,"301, 302, 303",,,,
,,POINT (16.284080291493225 48.02479094008754),,,"301, 302, 303",,,,
,,POINT (16.29545292172869 48.0185903580562),,,"301, 303",,,,
,,POINT (16.295578709060855 48.01303798455405),,,"301, 302, 329",,,,
,,POINT (16.28854485405285 48.0176529698855),,,"301, 302, 303",,,,
,,POINT (16.218935609281658 48.390035460858236),,,826,,,,
,,POINT (16.47772049825334 48.14095009715646),,,"171, 217, 218, 266, 272, 279, 71A",,,,
,,POINT (16.478308978148693 48.13565687168375),,,171,,,,
,,POINT (16.206215215433243 48.27378852787347),,,"401, 415",,,,
,,POINT (16.321100427772826 48.353365435590085),,,"1, 830, 831, 832, 850, 853, 857",,,,
,,POINT (16.26535116231898 48.335680474347804),,,402,,,,
,,POINT (16.26100338606677 48.33705997214822),,,402,,,,
,,POINT (16.282481487173282 48.11101742967184),,,212,,,,
,,POINT (16.221957752528446 48.00986503193773),,,C,,,,
,,POINT (16.293423376478522 48.313771751544856),,,402,,,,
,,POINT (16.626382342385234 48.31223603670425),,,523,,,,
,,POINT (16.627262633421537 48.310240545349686),,,523,,,,
,,POINT (16.33853662500121 48.34601635370422),,,853,,,,
,,POINT (16.248417499931996 48.08667207929632),,,"264, 265",,,,
,,POINT (16.247168803865588 48.08559198590232),,,"260, 264, 265",,,,
,,POINT (16.225856954932407 48.38078235935731),,,1,,,,
,,POINT (16.234364012999105 48.380639154566865),,,1,,,,
,,POINT (16.231157029729786 48.381408852706954),,,1,,,,
,,POINT (16.227186450659033 48.38196965276156),,,1,,,,
,,POINT (16.226782256193925 48.384910938507986),,,1,,,,
,,POINT (16.20836246002236 48.38987437185921),,,840,,,,
,,POINT (16.34188730753078 48.34493565607842),,,853,,,,
,,POINT (16.308097169166707 48.25018433131401),,,"35A, 39A, N35",,,,
,,POINT (16.374886536455623 48.246224208072775),,,5A,,,,
,,POINT (16.316568162296818 48.20364964763295),,,"10A, 12A",,,,
,,POINT (16.374432859277533 48.21301265351521),,,VAL 2,,,,
,,POINT (16.48510017945826 48.16034454994697),,,"279, 76A, 76B",,,,
,,POINT (16.49470312996766 48.158331053482286),,,"76A, 76B",,,,
,,POINT (16.47228135829308 48.17196200241866),,,"73A, 76A, 76B, 79A, 79B",,,,
,,POINT (16.484493798988087 48.156359517212294),,,"279, 76B",,,,
,,POINT (16.134763389758074 48.19380017971833),,,"452, 453, 457, 458",,,,
,,POINT (16.469959379205324 48.298917451041326),,,510,,,,
,,POINT (16.582822856953424 48.17420833723575),,,553,,,,
,,POINT (16.58382906431644 48.17998890876695),,,"550, 553",,,,
,,POINT (16.202226756358105 48.2836587849745),,,"405, 415, 445",,,,
,,POINT (16.19755558383449 48.28546998055979),,,"405, 415, 445",,,,
,,POINT (16.29603764120989 48.39519506087985),,,"831, 832",,,,
,,POINT (16.29485185190987 48.39711565254225),,,"831, 832",,,,
,,POINT (16.301167011801418 48.392952266771),,,"831, 832",,,,
,,POINT (16.224729423730416 48.272957513198584),,,"401, 415",,,,
,,POINT (16.14972972583648 48.37988747692786),,,825,,,,
,,POINT (16.20794002289017 48.28114209113795),,,"405, 415, 445",,,,
,,POINT (16.454831418267972 48.098258022637225),,,218,,,,
,,POINT (16.289685742770665 48.01503308075879),,,"301, 303, SEV 302, WLB",,,,
,,POINT (16.297195601298935 48.01286368441307),,,301,,,,
,,POINT (16.19740288963712 48.28778326957388),,,"405, 415, 445",,,,
,,POINT (16.357571909239354 48.38109256847338),,,"832, 858",,,,
,,POINT (16.34897505214555 48.38179657318031),,,832,,,,
,,POINT (16.354912920205923 48.380477973566535),,,832,,,,
,,POINT (16.273111925171452 48.01586229370407),,,"301, 302, 303",,,,
,,POINT (16.12788258518238 48.26744463517468),,,449,,,,
,,POINT (16.228587837760585 48.378544967660964),,,1,,,,
,,POINT (16.318418790553388 48.30183377810254),,,3,,,,
,,POINT (16.320161581007973 48.30116448020979),,,3,,,,
,,POINT (16.307495372601238 48.32264858580351),,,1,,,,
,,POINT (16.318796103706468 48.312899425351866),,,1,,,,
,,POINT (16.318221208630373 48.314446718423405),,,1,,,,
,,POINT (16.316945616258277 48.315223415272676),,,1,,,,
,,POINT (16.31004655671466 48.3200740966064),,,1,,,,
,,POINT (16.309022563839793 48.32150769018539),,,1,,,,
,,POINT (16.316325818932235 48.31437511966605),,,1,,,,
,,POINT (16.317731655809894 48.313144430983215),,,"1, 403",,,,
,,POINT (16.315750814885483 48.30978674159359),,,1,,,,
,,POINT (16.317394805923637 48.30915934415385),,,1,,,,
,,POINT (16.31967649322248 48.308603744905675),,,1,,,,
,,POINT (16.11814507756145 48.37829451505493),,,"800, 842",,,,
,,POINT (16.329715050848204 48.292002920562005),,,"2, 401",,,,
,,POINT (16.58881485736322 48.280370525444226),,,"522, 554",,,,
,,POINT (16.58012824840204 48.303201924708475),,,522,,,,
,,POINT (16.247317132580505 48.011776007482986),,,C,,,,
,,POINT (16.64042273305645 48.247097334114365),,,"551, 554",,,,
,,POINT (16.36799651397519 48.20545170680023),,,2A,,,,
,,POINT (16.369433805939792 48.204757209160384),,,2A,,,,
,,POINT (16.42119451931627 48.25318094608777),,,"25, 26, N20",,,,
,,POINT (16.531435174468488 48.24889809881763),,,89A,,,,
,,POINT (16.386393969965233 48.238668236910065),,,"11A, 11B, 5A, N8",,,,
,,POINT (16.430321420645285 48.28642628197773),,,32A,,,,
,,POINT (16.241231295993042 48.205858917709485),,,"450, 49A",,,,
,,POINT (16.32413196493079 48.231679609212996),,,40,,,,
,,POINT (16.324068993152693 48.18037845396906),,,9A,,,,
,,POINT (16.513779119695357 48.370142969358795),,,516,,,,
,,POINT (16.355150703937685 48.225617618716015),,,"33, 37, 38, 40A, 5, N38",,,,
,,POINT (16.277459949895828 48.128582351128905),,,"1, 256, 257, 258",,,,
,,POINT (16.266743091724877 48.12401328292134),,,"256, 257, 258",,,,
,,POINT (16.264928501562917 48.12457098255664),,,"2, 206, 257, 259",,,,
,,POINT (16.260535793643328 48.11120335020592),,,"256, 258",,,,
,,POINT (16.269896178211965 48.12472687714845),,,"256, 257, 258",,,,
,,POINT (16.26773130503014 48.13252144177155),,,"1, 257",,,,
,,POINT (16.215476885631638 48.281034483872304),,,405,,,,
,,POINT (16.280738823022674 48.123791370999044),,,257,,,,
,,POINT (16.289533282291792 48.12477475742703),,,257,,,,
,,POINT (16.26232342106242 48.12752707048887),,,"2, 206, 257, 259",,,,
,,POINT (16.256897623504013 48.11625932976225),,,257,,,,
,,POINT (16.258011536676246 48.124768788339864),,,"1, 206, 255, 257, 259",,,,
,,POINT (16.28039741231209 48.1181004982853),,,260,,,,
,,POINT (16.279544022298523 48.12087108560464),,,"1, 257, 260",,,,
,,POINT (16.27314804706204 48.11809450514925),,,"1, 257",,,,
,,POINT (16.27754084161326 48.12541636575236),,,257,,,,
,,POINT (16.116626783705517 48.287341050751834),,,"411, 441, 449",,,,
,,POINT (16.1209386767058 48.293622816200106),,,"404, 411, 441, 449",,,,
,,POINT (16.122124462073693 48.28942113581411),,,"411, 441, 449",,,,
,,POINT (16.15876644059309 48.27055989002424),,,449,,,,
,,POINT (16.151912381895123 48.27424897862707),,,449,,,,
,,POINT (16.14593862221474 48.27927696075678),,,449,,,,
,,POINT (16.104813716418896 48.184996650917135),,,"250, 253, 408, 452, 454, 457, 458",,,,
,,POINT (16.19504030857888 48.29099295669336),,,"405, 415",,,,
,,POINT (16.1967291038359 48.29265454721686),,,"405, 415",,,,
,,POINT (16.186003230565056 48.235599030140364),,,"450, 458",,,,
,,POINT (16.294348800483682 48.37281656936457),,,830,,,,
,,POINT (16.291132829960652 48.37904014256501),,,"830, 832",,,,
,,POINT (16.278933803348593 48.38511972523696),,,"830, 832",,,,
,,POINT (16.56388643235294 48.119899314338355),,,"221, 222, 273, VAL 1, VAL 2, VAL 3, X96",,,,
,,POINT (16.613823481299285 48.116252983340104),,,222,,,,
,,POINT (16.61472176623635 48.11134100586127),,,222,,,,
,,POINT (16.608990541326236 48.087037827228265),,,222,,,,
,,POINT (16.607077145707446 48.08428934217153),,,"222, 272",,,,
,,POINT (16.445884910873453 48.397115506034055),,,501,,,,
,,POINT (16.511389663481328 48.38508970037133),,,514,,,,
,,POINT (16.256080610594072 48.33693447764282),,,402,,,,
,,POINT (16.51686933929124 48.38667058736108),,,"500, 505, 515",,,,
,,POINT (16.125978037722525 48.24147446052149),,,451,,,,
,,POINT (16.35185804534916 48.109757768021915),,,"200, 210, 268",,,,
,,POINT (16.138464351286817 48.138960238237004),,,"250, 251, 252",,,,
,,POINT (16.34067896549576 48.2900006206171),,,1,,,,
,,POINT (16.274513565815244 48.1295656488631),,,"1, 2, 257",,,,
,,POINT (16.279378036736947 48.127149236264856),,,"1, 2",,,,
,,POINT (16.343567186700607 48.33947828012507),,,"850, 853",,,,
,,POINT (16.334130321267015 48.30748044179578),,,3,,,,
,,POINT (16.31951933367487 48.307104057993044),,,"400, 401, 404, 406",,,,
,,POINT (16.329980200993127 48.34959244314115),,,1,,,,
,,POINT (16.322407424164414 48.340141092975315),,,2,,,,
,,POINT (16.331776797342233 48.3532161251199),,,1,,,,
,,POINT (16.335347632406613 48.34193837700501),,,"2, 850, 853, 857",,,,
,,POINT (16.255352465632946 48.08642007366008),,,"260, 264, 265",,,,
,,POINT (16.1661141618952 48.02322896317951),,,306,,,,
,,POINT (16.29790600347336 48.33634924016243),,,"403, 413, S40, SV810",,,,
,,POINT (16.29430373060538 48.34029032444141),,,403,,,,
,,POINT (16.32728519473122 48.336259708825565),,,2,,,,
,,POINT (16.29977448391451 48.331362761329956),,,403,,,,
,,POINT (16.30304435613096 48.32633398220758),,,403,,,,
,,POINT (16.28465540260646 48.12291587116383),,,"1, 2, 257, 260, S1, S2, S3, S4, SV510",,,,
,,POINT (16.272977339272366 48.113608426989195),,,"206, 259",,,,
,,POINT (16.262646792499066 48.1149999300924),,,"256, 258",,,,
,,POINT (16.254651832934474 48.115995433854984),,,257,,,,
,,POINT (16.2887606828729 48.123473564355365),,,"257, 260",,,,
,,POINT (16.265269889132245 48.11953980591925),,,"2, 206, 212, 255, 256, 257, 258, 259",,,,
,,POINT (16.29229106617927 48.12383935925048),,,260,,,,
,,POINT (16.283276617555234 48.12698733447966),,,"1, 2",,,,
,,POINT (16.271549083906578 48.13100464566978),,,"1, 257",,,,
,,POINT (16.27047105768418 48.11675711477193),,,"1, 2, 206, 256, 257, 258, 259",,,,
,,POINT (16.25687964902498 48.128372472042024),,,"1, 206, 255, 257, 259",,,,
,,POINT (16.275259156550938 48.12698736072741),,,"256, 257, 258",,,,
,,POINT (16.268225379995087 48.121584693277256),,,"2, 206, 256, 257, 258, 259",,,,
,,POINT (16.25744562641714 48.11910201604732),,,"206, 257",,,,
,,POINT (16.240179973202792 48.101911815029105),,,"256, 258",,,,
,,POINT (16.12666062073526 48.18989560662214),,,"408, 452, 453, 457, 458, S50",,,,
,,POINT (16.121630131285098 48.18393054007872),,,"408, 452, 457, 458",,,,
,,POINT (16.193773605218528 48.24112139618958),,,"450, 458",,,,
,,POINT (16.124585515347697 48.18303814106432),,,"453, 458",,,,
,,POINT (16.17607719991425 48.381235944133515),,,825,,,,
,,POINT (16.451166222397394 48.04562227755829),,,"221, 226, 246",,,,
,,POINT (16.44686323800584 48.0433400923919),,,"221, 226, 246",,,,
,,POINT (16.444913940865707 48.04036710846968),,,"221, 226, 246",,,,
,,POINT (16.26005963379584 48.08238138895281),,,"264, 265",,,,
,,POINT (16.266608298745552 48.08113308783145),,,"264, 265",,,,
,,POINT (16.315871737642734 48.11762066611187),,,268,,,,
,,POINT (16.31320374244538 48.11356038826449),,,207,,,,
,,POINT (16.10560421960727 48.188422433637705),,,"250, 253, 408, 454, 457, 458",,,,
,,POINT (16.492165343935305 48.14837074811244),,,279,,,,
,,POINT (16.287970087340042 48.077892182832265),,,"1, 207, 216, 259, 263, 264, 265, 268, 270",,,,
,,POINT (16.308289803207977 48.0383791517627),,,301,,,,
,,POINT (16.306583010379686 48.03821705411089),,,301,,,,
,,POINT (16.293386975224116 48.08407964765967),,,259,,,,
,,POINT (16.464537938774512 48.202847359888445),,,"93A, N91",,,,
,,POINT (16.37645861828525 48.238973342122506),,,"2, 30, 31, 33, 37A, N29, N31",,,,
,,POINT (16.2604686267483 48.196003619114066),,,53A,,,,
,,POINT (16.368751057156544 48.23915884579565),,,"37A, N8",,,,
,,POINT (16.37905031242942 48.29357476462662),,,850,,,,
,,POINT (16.33140820708281 48.14372562467454),,,65A,,,,
,,POINT (16.438172644901762 48.25925760743108),,,"27A, 31A",,,,
,,POINT (16.298251627894736 48.18615234246838),,,"10, 49, 52, 60, N54, N60",,,,
,,POINT (16.387660577381517 48.248455489618465),,,"30, 31, 33",,,,
,,POINT (16.31060810291435 48.31865841149056),,,"1, 403",,,,
,,POINT (16.29539064889372 48.305550489010734),,,"400, 404, 406",,,,
,,POINT (16.290090598552702 48.3162449434162),,,402,,,,
,,POINT (16.31305148720521 48.317135016272736),,,"1, 403",,,,
,,POINT (16.277972475169463 48.32430911668083),,,402,,,,
,,POINT (16.317066957078772 48.31252303462762),,,"1, 402, 403",,,,
,,POINT (16.325861408989574 48.309762839756836),,,"1, 106, 2, 400, 401, 402, 403, 404, 406, 413, SV810",,,,
,,POINT (16.334018043162764 48.29787778813743),,,"2, 400, 401, 413, SV810",,,,
,,POINT (16.306619528483466 48.32176460064255),,,403,,,,
,,POINT (16.329122266038173 48.343341476351775),,,"1, 105, 2, 3, 830, 831, 832, 850, 853, 857, 858, R 21170, R 21222, REX 2213, REX3, S3, S4, SV903",,,,
,,POINT (16.549423786494764 48.204912722597705),,,"26A, 550, 551, 552, 553",,,,
,,POINT (16.56591678630148 48.195530251228874),,,"550, 552, 553",,,,
,,POINT (16.61798296814343 48.258826799504284),,,"540, 551, 554",,,,
,,POINT (16.46952817861591 48.297638557753935),,,"510, 512, 513",,,,
,,POINT (16.317704177957353 48.04792849702776),,,263,,,,
,,POINT (16.54742948421592 48.19930865097603),,,551,,,,
,,POINT (16.11275454672271 48.08021494408361),,,252,,,,
,,POINT (16.10073528203034 48.11459819158301),,,"250, 251, 252",,,,
,,POINT (16.24695370401783 48.31378369746589),,,"400, 404, 406",,,,
,,POINT (16.244438515921473 48.3138971991828),,,"400, 404, 405, 406",,,,
,,POINT (16.24056673844693 48.31503229759787),,,"400, 404, 405, 406",,,,
,,POINT (16.25052898332542 48.31268439843056),,,"400, 404, 405, 406",,,,
,,POINT (16.2577514401348 48.308914509603845),,,"142, 400, 404, 405, 406",,,,
,,POINT (16.236102165745866 48.317714588918186),,,"400, 404, 405, 406",,,,
,,POINT (16.255981753955844 48.31094590145413),,,"400, 404, 405, 406",,,,
,,POINT (16.284996623509485 48.041814757600385),,,"263, R 21222, R3, S1, S2, S3, S4, SV510",,,,
,,POINT (16.29282987780125 48.038126968051664),,,263,,,,
,,POINT (16.106574858920965 48.389773071412506),,,"800, 842",,,,
,,POINT (16.289497198927446 48.04021116069137),,,"263, 303, 329",,,,
,,POINT (16.280226554583855 48.0456164446408),,,263,,,,
,,POINT (16.283200037307843 48.043946849395276),,,263,,,,
,,POINT (16.32311196831862 48.0557527542198),,,"263, 301",,,,
,,POINT (16.307220831987273 48.04953789891646),,,"263, 303, SV510",,,,
,,POINT (16.31334729582635 48.04653520718538),,,301,,,,
,,POINT (16.318979775856956 48.05028848445618),,,"223, 263, 301",,,,
,,POINT (16.31173930720438 48.04830680050696),,,"221, 263, 301, 329, WLB",,,,
,,POINT (16.45840661759923 48.06018370078357),,,"226, 246",,,,
,,POINT (16.225690240004766 48.09999213785335),,,"256, 261, 262",,,,
,,POINT (16.588490909431442 48.02540944035227),,,"227, 247, 248, SV700",,,,
,,POINT (16.58188831754925 48.01448589959929),,,"227, 247, 248",,,,
,,POINT (16.592236846949085 48.005152834061526),,,"247, 248",,,,
,,POINT (16.457266316685377 48.333416999376986),,,"500, 505, 853, G3",,,,
,,POINT (16.401597989125996 48.3335006524687),,,853,,,,
,,POINT (16.46006010765833 48.335626585888456),,,"500, 505",,,,
,,POINT (16.406044667080227 48.333112450298835),,,853,,,,
,,POINT (16.412701147694392 48.33924531471268),,,"501, 853",,,,
,,POINT (16.409763647865113 48.33305874654665),,,"501, 853",,,,
,,POINT (16.394339627048442 48.33431285607772),,,853,,,,
,,POINT (16.404077347205256 48.31963791633458),,,501,,,,
,,POINT (16.455200221778206 48.331237211120296),,,"502, 513",,,,
,,POINT (16.192327297570007 48.23447412905946),,,"450, 458",,,,
,,POINT (16.19401608622581 48.23321763311264),,,450,,,,
,,POINT (16.467974182144683 48.34184264811891),,,"500, 505",,,,
,,POINT (16.37202575911169 48.390470709981116),,,858,,,,
,,POINT (16.37514284366574 48.390661605720084),,,"857, 858",,,,
,,POINT (16.24310000411304 48.30507854237513),,,405,,,,
,,POINT (16.2324999434742 48.299276280138045),,,405,,,,
,,POINT (16.23758432602502 48.3028317586654),,,405,,,,
,,POINT (16.17058771990501 48.013855403343115),,,306,,,,
,,POINT (16.137206576257398 48.05641343287446),,,"265, 308",,,,
,,POINT (16.12969671065368 48.055344645870285),,,"265, 308",,,,
,,POINT (16.140009516936136 48.172387676369404),,,"253, 453, 458",,,,
,,POINT (16.35803842016321 48.112150950888434),,,"266, 268",,,,
,,POINT (16.362386297817682 48.11152714915876),,,"266, 268",,,,
,,POINT (16.426687337244033 48.08974419065878),,,"216, 217, 226, 227",,,,
,,POINT (16.44466252214795 48.07719583282496),,,"226, 227, 246",,,,
,,POINT (16.441195044066887 48.0798425239237),,,"218, 226, 227, 246",,,,
,,POINT (16.44011705518123 48.081991114915546),,,"216, 217, 218, 226, 227, 246",,,,
,,POINT (16.439973366155463 48.08691189147429),,,218,,,,
,,POINT (16.43813176877363 48.084349505088845),,,"216, 217, 226, 227",,,,
,,POINT (16.431960406444357 48.087625995994216),,,"216, 217, 226, 227",,,,
,,POINT (16.443997752995585 48.09022427153087),,,218,,,,
,,POINT (16.232337759486686 48.077802237380055),,,"260, 264, 265",,,,
,,POINT (16.24270422599759 48.08584398875491),,,"260, 264, 265",,,,
,,POINT (16.238131841862046 48.08299950674114),,,"260, 264, 265",,,,
,,POINT (16.247842602636844 48.086942079015635),,,"260, 264, 265",,,,
,,POINT (16.25439127367579 48.08834026560321),,,"260, 264, 265",,,,
,,POINT (16.234835053052603 48.080815021248675),,,"260, 264, 265",,,,
,,POINT (16.25655615640805 48.085195878948916),,,"264, 265",,,,
,,POINT (16.23390974664939 48.07558744690725),,,"260, 265",,,,
,,POINT (16.217785523904098 48.30310067670367),,,"405, 415",,,,
,,POINT (16.2117219318531 48.29339562904927),,,405,,,,
,,POINT (16.21602492400264 48.29977229391407),,,"405, 415",,,,
,,POINT (16.21470432529934 48.29705910792373),,,"405, 415",,,,
,,POINT (16.216833323335983 48.3010868866834),,,"405, 415",,,,
,,POINT (16.210069048365924 48.29713081215795),,,"405, 415",,,,
,,POINT (16.13977610908442 48.259287762505686),,,449,,,,
,,POINT (16.181762912168562 48.12624395615763),,,"250, 254",,,,
,,POINT (16.18736839056559 48.12930193562285),,,"250, 254",,,,
,,POINT (16.17586103233847 48.12285007818811),,,"250, 254",,,,
,,POINT (16.25528958778088 48.09675242425481),,,"258, 261, 262",,,,
,,POINT (16.11518014800237 48.13117259837651),,,"250, 251, 252",,,,
,,POINT (16.1246304129244 48.13636456355837),,,"250, 251, 252",,,,
,,POINT (16.108191282286832 48.13132250446274),,,"250, 251, 252",,,,
,,POINT (16.28489849222083 48.34767009795361),,,403,,,,
,,POINT (16.27955351995645 48.348529899667845),,,403,,,,
,,POINT (16.27558304277447 48.34963429825677),,,403,,,,
,,POINT (16.272555657879014 48.34988509950613),,,"403, 413, SV810",,,,
,,POINT (16.3213962187587 48.07489116415862),,,"209, 219, 301, 309",,,,
,,POINT (16.21149732416637 48.289265648269826),,,405,,,,
,,POINT (16.33347855868046 48.074879152409345),,,"219, 301",,,,
,,POINT (16.326839981752688 48.07038938058562),,,"209, 219, 301, 309",,,,
,,POINT (16.32894205848866 48.06459040607593),,,"209, 219, 301, 309",,,,
,,POINT (16.31921333035246 48.07544336369974),,,"209, 219, 301, 309",,,,
,,POINT (16.32376780552059 48.074290964611755),,,"209, 219, 301, 309, B99",,,,
,,POINT (16.335526637018713 48.06901467879586),,,"209, 219, 301, 309, B99",,,,
,,POINT (16.33328084268476 48.06687169074176),,,"209, 219",,,,
,,POINT (16.336874119639972 48.06444639899233),,,"209, 219, 301, 309",,,,
,,POINT (16.334772051347237 48.074080855460515),,,"209, 219, 301, 309",,,,
,,POINT (16.10220867103952 48.20374566398025),,,"408, 452",,,,
,,POINT (16.115943792100456 48.19893777356287),,,"408, 452",,,,
,,POINT (16.108667534259613 48.20167406770188),,,"408, 452",,,,
,,POINT (16.27739284391473 48.196632305979634),,,"47A, 52, 60",,,,
,,POINT (16.279162542454618 48.20135058239645),,,47A,,,,
,,POINT (16.404539718499503 48.19307534342858),,,"18, 80A",,,,
,,POINT (16.362696514687688 48.25951475267289),,,"38B, D",,,,
,,POINT (16.36046860708949 48.17431046063195),,,7A,,,,
,,POINT (16.328479868297876 48.24907762348533),,,39A,,,,
,,POINT (16.328381067308776 48.24828202766123),,,39A,,,,
,,POINT (16.38704070033225 48.26264852292828),,,"34A, 36A, 36B",,,,
,,POINT (16.372137671460372 48.189955278184726),,,"13A, N66",,,,
,,POINT (16.439519997972706 48.23002204595347),,,93A,,,,
,,POINT (16.37169760290433 48.2829233348869),,,34A,,,,
,,POINT (16.39988652937321 48.18501438502209),,,74A,,,,
,,POINT (16.286986759755763 48.170015026965444),,,"10, 49, 56A, 60, 62, N60, N62",,,,
,,POINT (16.355375239472195 48.251350696390766),,,37,,,,
,,POINT (16.201705641175163 48.22963924268909),,,450,,,,
,,POINT (16.325470377909106 48.17420858310595),,,"7A, 8A",,,,
,,POINT (16.316433421982417 48.1742265884048),,,"63A, 8A",,,,
,,POINT (16.37230840004451 48.21116287766234),,,"1A, 3A",,,,
,,POINT (16.324724799263244 48.18639192523779),,,57A,,,,
,,POINT (16.42562324314498 48.28549968942623),,,32A,,,,
,,POINT (16.297146569758226 48.14111815872535),,,"60A, 61A",,,,
,,POINT (16.297254524462875 48.25169163032162),,,"35A, 43B, N35",,,,
,,POINT (16.472460965293735 48.17844967100193),,,79A,,,,
,,POINT (16.343778079437932 48.239559759335854),,,10A,,,,
,,POINT (16.3212395240833 48.263970157361825),,,38A,,,,
,,POINT (16.32999798157611 48.26400605180211),,,38A,,,,
,,POINT (16.373646854080736 48.18241501354527),,,"1, 18, O",,,,
,,POINT (16.340930280103485 48.15786975098248),,,"1155, 1158, 16A, 209, 303, 309, 311, 65A, 7940, 7941, B01, B05, B23, B24, B25, N65",,,,
,,POINT (16.37012551456588 48.213557367268336),,,3A,,,,
,,POINT (16.280770354599284 48.14455285231196),,,"66A, N66",,,,
,,POINT (16.341855680976412 48.233899587842636),,,"37A, 40A",,,,
,,POINT (16.22629691975913 48.215167649687146),,,"49A, 50B",,,,
,,POINT (16.39082258929462 48.19657243561759),,,77A,,,,
,,POINT (16.450308722602045 48.21327591914969),,,"92A, 93A, N91",,,,
,,POINT (16.391945407255758 48.21357525363592),,,"80A, O",,,,
,,POINT (16.38295324941455 48.13990121025292),,,16A,,,,
,,POINT (16.30784551795418 48.14088435264754),,,61A,,,,
,,POINT (16.242938084257418 48.204410123214416),,,"450, 49A",,,,
,,POINT (16.4161236472537 48.30109869308009),,,"30A, 501, 510",,,,
,,POINT (16.450200962752916 48.24213228091601),,,94A,,,,
,,POINT (16.479153428076412 48.17451998577673),,,79A,,,,
,,POINT (16.256695757505884 48.20546377687983),,,"43B, 52A, 52B",,,,
,,POINT (16.3914962747454 48.18793707627988),,,18,,,,
,,POINT (16.25954340920986 48.18040849476393),,,"54A, 54B",,,,
,,POINT (16.478560616934885 48.23748348551118),,,"95A, 95B, N23, N24",,,,
,,POINT (16.32172449254612 48.24325105534693),,,"35A, N35",,,,
,,POINT (16.353407922935055 48.23304988486015),,,"35A, 37, 37A, 38, N35, N36, N38, N8",,,,
,,POINT (16.266172852480405 48.16371817032158),,,56A,,,,
,,POINT (16.381911362434852 48.217747339940786),,,5A,,,,
,,POINT (16.2921610534327 48.18295406188209),,,"10, 49, 60, N60",,,,
,,POINT (16.236128834920372 48.212414191041695),,,"450, 49A, 50B",,,,
,,POINT (16.26865226258937 48.17921649421294),,,"54A, 54B",,,,
,,POINT (16.41899359813231 48.229411660954284),,,"92A, 92B, N90",,,,
,,POINT (16.276593328800033 48.18233117416423),,,54B,,,,
,,POINT (16.39446072082766 48.23194886424895),,,"11A, 11B",,,,
,,POINT (16.39186468552521 48.26907088901498),,,"26, 36A, 36B, 850, N20",,,,
,,POINT (16.276746028766176 48.1834691693544),,,54B,,,,
,,POINT (16.46173532395543 48.25479581369552),,,"27A, N25",,,,
,,POINT (16.407854587262946 48.255017145927965),,,"25, 26, N20",,,,
,,POINT (16.331659700565705 48.14072253891175),,,65A,,,,
,,POINT (16.38907972782983 48.14634497576775),,,19A,,,,
,,POINT (16.392125157982 48.250584977163385),,,"30, 31, 33",,,,
,,POINT (16.530986074324755 48.247259007057195),,,89A,,,,
,,POINT (16.32518301208994 48.198033469210245),,,"12A, 49, N49",,,,
,,POINT (16.327725241662527 48.227909724721464),,,"10A, 42A",,,,
,,POINT (16.44466745122968 48.28677887219453),,,32A,,,,
,,POINT (16.375254918520923 48.23459966387697),,,5A,,,,
,,POINT (16.460890748030653 48.197422587633845),,,92B,,,,
,,POINT (16.4325401141269 48.216861412680046),,,"92A, 92B, N90",,,,
,,POINT (16.48840602952354 48.20872641699242),,,93A,,,,
,,POINT (16.53129146921224 48.2443457206377),,,89A,,,,
,,POINT (16.334983632225196 48.246666931452815),,,39A,,,,
,,POINT (16.356399228614137 48.175604356988465),,,"1, 7A",,,,
,,POINT (16.543301872103473 48.21690324464179),,,98A,,,,
,,POINT (16.279845178943827 48.158061588493034),,,58B,,,,
,,POINT (16.358330569306055 48.139595527621694),,,"120, 200, 210, N67",,,,
,,POINT (16.27255987114596 48.19888969845466),,,"49, 52, 60, N49",,,,
,,POINT (16.402401742796478 48.203571794673074),,,80A,,,,
,,POINT (16.40272514065631 48.202931197457396),,,80A,,,,
,,POINT (16.230999549563975 48.207834618263455),,,"450, 451, 453, 50A, N49",,,,
,,POINT (16.418957607942456 48.1650241684664),,,72A,,,,
,,POINT (16.342134196762185 48.24578753093052),,,39A,,,,
,,POINT (16.379836309426913 48.24383731690075),,,"11B, 2, 30, 31, 33, 5A, N29, N31, N8",,,,
,,POINT (16.40489919006775 48.24588919100609),,,20A,,,,
,,POINT (16.404926087637435 48.24484829599524),,,20A,,,,
,,POINT (16.359255887361588 48.15555665099416),,,"11, N65",,,,
,,POINT (16.322505951411053 48.14462472539843),,,"64A, N64",,,,
,,POINT (16.47296413090001 48.22694613994235),,,22A,,,,
,,POINT (16.369514611115612 48.20909168846513),,,"1A, 2A",,,,
,,POINT (16.308698955322864 48.171111407848684),,,"63A, 8A",,,,
,,POINT (16.400326629522443 48.18623017867017),,,74A,,,,
,,POINT (16.282279666422344 48.229878543759796),,,44A,,,,
,,POINT (16.379503869404687 48.213880560173855),,,"1, 2, N29",,,,
,,POINT (16.33784920064008 48.2341328889734),,,"37A, 40A",,,,
,,POINT (16.30515055283169 48.15710877743017),,,"62A, 64A, N65",,,,
,,POINT (16.54425407063086 48.21912983331447),,,98A,,,,
,,POINT (16.20508332084951 48.22799954749707),,,450,,,,
,,POINT (16.3753626390723 48.249364792767),,,5A,,,,
,,POINT (16.416163833924035 48.17400482702777),,,"15A, N6",,,,
,,POINT (16.332935432119122 48.23879986953971),,,40A,,,,
,,POINT (16.28205500649774 48.18568525504308),,,10,,,,
,,POINT (16.477087290355218 48.14009295147544),,,218,,,,
,,POINT (16.47034529370558 48.12208219456321),,,218,,,,
,,POINT (16.474450588820634 48.129061856565265),,,218,,,,
,,POINT (16.484403891035626 48.152793733934296),,,279,,,,
,,POINT (16.47215089102715 48.12505047802065),,,218,,,,
,,POINT (16.47717250207323 48.141513595322046),,,279,,,,
,,POINT (16.475950801405684 48.13827061130791),,,218,,,,
,,POINT (16.476085506673293 48.14112399748285),,,"171, 217, 218, 266, 272, 279, 71A",,,,
,,POINT (16.613051043231167 48.14364145359152),,,553,,,,
,,POINT (16.168153735527856 48.243382810066194),,,"450, 458",,,,
,,POINT (16.388249258606375 48.380973139113195),,,857,,,,
,,POINT (16.50025049977612 48.33095046955058),,,"513, REX 24212, REX 24312, REX2, S2, S7",,,,
,,POINT (16.494294728323858 48.33072947644887),,,513,,,,
,,POINT (16.48185309481763 48.333195976426126),,,"502, 513",,,,
,,POINT (16.48603927431203 48.3330884732027),,,513,,,,
,,POINT (16.47977799995502 48.33092658945325),,,"502, 513",,,,
,,POINT (16.51320423990848 48.37853273028608),,,"501, 514, 515, 530, 531, G3",,,,
,,POINT (16.512108345284346 48.378705830116),,,"105, 500, 501, 502, 505, 514, 515, 516, 530, 531, G3, REX 24212, REX 24312, REX 27345, REX2, S2, S7",,,,
,,POINT (16.512530550289394 48.38141451727601),,,"500, 505, 514, 515",,,,
,,POINT (16.50702388094692 48.38347291250147),,,501,,,,
,,POINT (16.52388519243363 48.38041821113931),,,"501, 514, 515, 531",,,,
,,POINT (16.168557841512847 48.15628192535413),,,253,,,,
,,POINT (16.247546145877568 48.10604488789143),,,"256, 258",,,,
,,POINT (16.264667988787984 48.11785461451799),,,"256, 257, 258",,,,
,,POINT (16.261110714889533 48.12214839788811),,,"1, 206, 255, 257, 259",,,,
,,POINT (16.22253327067814 48.38071076138695),,,1,,,,
,,POINT (16.26162248108418 48.01613870304776),,,"301, 302, 303",,,,
,,POINT (16.25930488973498 48.014402114217916),,,"301, 302, 303",,,,
,,POINT (16.438994846772474 48.39799230911794),,,501,,,,
,,POINT (16.442525229000577 48.397956505884),,,501,,,,
,,POINT (16.43078420033429 48.3584034054399),,,853,,,,
,,POINT (16.566446370556775 48.003746465486515),,,"227, 248",,,,
,,POINT (16.5680632681619 48.006583249897254),,,"227, 248",,,,
,,POINT (16.221913373088356 48.37966666665726),,,1,,,,
,,POINT (16.326947921929467 48.1350933716111),,,268,,,,
,,POINT (16.326552717193113 48.13187388768494),,,268,,,,
,,POINT (16.310472858448414 48.11464598524233),,,207,,,,
,,POINT (16.333227065682383 48.12319772202787),,,"266, 268",,,,
,,POINT (16.172968630512646 48.206451681391364),,,"451, 452, 453, 458",,,,
,,POINT (16.327208397623195 48.124504922143295),,,"266, 268",,,,
,,POINT (16.31992310221192 48.11039359653388),,,"207, B99",,,,
,,POINT (16.340835823835047 48.12109292464827),,,"266, 268",,,,
,,POINT (16.35417574425409 48.11417814501423),,,"200, 210, 266, 268",,,,
,,POINT (16.33866193678904 48.12194442295436),,,"266, 268",,,,
,,POINT (16.316904833682297 48.11816036200395),,,207,,,,
,,POINT (16.317623447173737 48.125932024430426),,,"266, 268, SEV 207",,,,
,,POINT (16.31787964820475 48.126057917560395),,,"61A, 61B",,,,
,,POINT (16.320354332322253 48.12498462619957),,,"266, 268",,,,
,,POINT (16.319653639218632 48.12682551842445),,,SEV 303,,,,
,,POINT (16.136802371004414 48.098984330248136),,,"249, 251, 255",,,,
,,POINT (16.134089503392868 48.10777859118979),,,"249, 251, 255",,,,
,,POINT (16.13660478092596 48.103045710775014),,,"249, 251, 255",,,,
,,POINT (16.14366552284503 48.09228255567052),,,"249, 251, 255",,,,
,,POINT (16.148255795655025 48.08996046230803),,,"249, 251, 255",,,,
,,POINT (16.212709656382994 48.078672452758624),,,264,,,,
,,POINT (16.188805563615993 48.07428509696503),,,264,,,,
,,POINT (16.18524828253757 48.075143396452994),,,264,,,,
,,POINT (16.13702693562415 48.08331770502331),,,252,,,,
,,POINT (16.106816787447784 48.084974026571416),,,252,,,,
,,POINT (16.163158792725465 48.07597771446041),,,"249, 251, 252, 255, 264",,,,
,,POINT (16.234440434278113 48.39079304200353),,,"830, 831",,,,
,,POINT (16.637539421955232 48.37455272925341),,,"520, 531, 532",,,,
,,POINT (16.40642194545341 48.32419559199577),,,501,,,,
,,POINT (16.320628759500064 48.35914360379922),,,1,,,,
,,POINT (16.12683163450768 48.33267082409648),,,406,,,,
,,POINT (16.11985176754558 48.33238413278115),,,"406, 413, SV810",,,,
,,POINT (16.10747302470289 48.330717952640235),,,406,,,,
,,POINT (16.100205759360417 48.33021626187379),,,406,,,,
,,POINT (16.115054791578235 48.33250363634567),,,406,,,,
,,POINT (16.35391558739306 48.317093176883574),,,850,,,,
,,POINT (16.353933563714055 48.30626742903108),,,"856, R 21222, R3, REX3, S3, S4, SV903",,,,
,,POINT (16.363150219033127 48.3064766189431),,,850,,,,
,,POINT (16.367614893327776 48.30465412300604),,,850,,,,
,,POINT (16.35803884940611 48.30898011140245),,,850,,,,
,,POINT (16.35407727545999 48.31208090112864),,,850,,,,
,,POINT (16.3731124601887 48.30182773128503),,,"850, 856",,,,
,,POINT (16.438042017902514 48.106512599376046),,,217,,,,
,,POINT (16.133765964892227 48.043928995995984),,,"306, 308",,,,
,,POINT (16.100843202243432 48.16987152693619),,,"250, 253, 458",,,,
,,POINT (16.614991383192063 48.16650994292568),,,553,,,,
,,POINT (16.61509919239387 48.171171020114976),,,"550, 553",,,,
,,POINT (16.61373380542091 48.17413040745493),,,"550, 553",,,,
,,POINT (16.61861157252995 48.1694576251895),,,550,,,,
,,POINT (16.17738825610004 48.18213959311445),,,452,,,,
,,POINT (16.168468038351048 48.19994371754785),,,452,,,,
,,POINT (16.174648424357212 48.207283876360634),,,"447, 451, 452, 453, 457, 458",,,,
,,POINT (16.172744043894998 48.21227055427868),,,"447, 451, 458",,,,
,,POINT (16.17004013688986 48.20293140107474),,,"451, 452, 453, 457, 458",,,,
,,POINT (16.177127814000528 48.20806816976918),,,"451, 452, 453, 458",,,,
,,POINT (16.16206317156766 48.20071011941346),,,"452, 453, 457, 458",,,,
,,POINT (16.16956401820401 48.19334494778259),,,452,,,,
,,POINT (16.19888490131278 48.20505076281214),,,"451, 453, SV110",,,,
,,POINT (16.31521592817772 48.111623195237755),,,"303, SEV 207, WLB",,,,
,,POINT (16.31662630641261 48.105007125576506),,,207,,,,
,,POINT (16.273265177367314 48.269483483220824),,,401,,,,
,,POINT (16.30259507341674 48.28707787051964),,,401,,,,
,,POINT (16.29926230031474 48.29194315026393),,,401,,,,
,,POINT (16.284458167606935 48.289492676129214),,,401,,,,
,,POINT (16.303322681482417 48.29279184231385),,,401,,,,
,,POINT (16.322636388978015 48.29335962055147),,,"2, 401",,,,
,,POINT (16.29138412252809 48.28454939306849),,,401,,,,
,,POINT (16.30969174691473 48.290819545123625),,,401,,,,
,,POINT (16.308910250828852 48.29094504570825),,,401,,,,
,,POINT (16.2741815157451 48.288918889263684),,,401,,,,
,,POINT (16.311892635896314 48.29093314298963),,,401,,,,
,,POINT (16.28603024315993 48.2818594109015),,,401,,,,
,,POINT (16.305766060794095 48.288566160458366),,,401,,,,
,,POINT (16.18340682102417 48.13408031700154),,,250,,,,
,,POINT (16.31507282060831 48.38248270275343),,,"831, 832",,,,
,,POINT (16.21884065682227 48.00217197067284),,,A,,,,
,,POINT (16.474836914467662 48.14190329517301),,,"171, 217, 218, 266, 272, 279, 71A",,,,
,,POINT (16.4763685842202 48.13297698582893),,,171,,,,
,,POINT (16.47507499036705 48.1334685836758),,,171,,,,
,,POINT (16.24358915001689 48.01122311183259),,,C,,,,
,,POINT (16.216945175884323 48.008332442409376),,,C,,,,
,,POINT (16.218274767328047 48.00702834825179),,,C,,,,
,,POINT (16.15084351162318 48.33085530953373),,,"406, SV810",,,,
,,POINT (16.479207276976634 48.1377430607418),,,171,,,,
,,POINT (16.479252170616494 48.13378638020635),,,171,,,,
,,POINT (16.4735972036962 48.134116033560176),,,218,,,,
,,POINT (16.470659732103325 48.14035670648708),,,"171, 217, 266",,,,
,,POINT (16.57091135776598 48.19384765463165),,,552,,,,
,,POINT (16.573013354447532 48.19685963870726),,,552,,,,
,,POINT (16.575160351866014 48.20088931684963),,,552,,,,
,,POINT (16.34834566707856 48.11164716268317),,,268,,,,
,,POINT (16.44223710369092 48.10918788325323),,,217,,,,
,,POINT (16.448507282366073 48.113440356422316),,,"217, S60, SV700",,,,
,,POINT (16.35261257088978 48.076859824100694),,,"200, 210, 215, 216, 217, 329",,,,
,,POINT (16.358146129602375 48.07056334909823),,,"215, 216, 217",,,,
,,POINT (16.352316030973103 48.05817841393835),,,200,,,,
,,POINT (16.355037937236368 48.06733986748459),,,"200, 210, 216, 329",,,,
,,POINT (16.35544223640583 48.06747796646621),,,"215, 216, 217",,,,
,,POINT (16.300250576149306 48.3289797728166),,,403,,,,
,,POINT (16.3544361500458 48.071913946533684),,,"200, 210, 215, 216, 217, 329",,,,
,,POINT (16.354580380139886 48.31528308504087),,,850,,,,
,,POINT (16.171216936089774 48.20521838938056),,,"451, 452, 453, 457, 458",,,,
,,POINT (16.177936304174214 48.20575728006316),,,"107, 451, 452, 453, 458, SV110",,,,
,,POINT (16.18982094729547 48.20587096815124),,,"451, 453, S50, SV110",,,,
,,POINT (16.453125203716446 48.36413925619126),,,501,,,,
,,POINT (16.45154422366738 48.370113229496866),,,501,,,,
,,POINT (16.20588755564149 48.382655762728724),,,1,,,,
,,POINT (16.581781001143703 48.23863813053525),,,"551, SV910",,,,
,,POINT (16.565422797071495 48.24619411078404),,,"540, 551",,,,
,,POINT (16.4617664412149 48.12456479040933),,,217,,,,
,,POINT (16.46693173074402 48.131370152763154),,,217,,,,
,,POINT (16.46535963328833 48.1289238664332),,,217,,,,
,,POINT (16.315961916590542 48.291482935897676),,,401,,,,
,,POINT (16.281179383061655 48.289331280149334),,,401,,,,
,,POINT (16.295166014617024 48.289809464258504),,,401,,,,
,,POINT (16.295884703745273 48.28641437993073),,,401,,,,
,,POINT (16.238464642389314 48.26663723020253),,,"401, 415",,,,
,,POINT (16.256448754975526 48.26678671247643),,,"401, 415",,,,
,,POINT (16.267596801856346 48.26746839806217),,,"401, 415",,,,
,,POINT (16.245561303119544 48.26466993268721),,,"401, 415",,,,
,,POINT (16.2334789741245 48.26986021987813),,,"401, 415",,,,
,,POINT (16.312565866196397 48.07709386264518),,,"214, 219, 301, 303, B99, WLB",,,,
,,POINT (16.2173539394126 48.08146323457619),,,264,,,,
,,POINT (16.22357020783475 48.080610933109256),,,264,,,,
,,POINT (16.35046566707579 48.116463137802825),,,"266, 268",,,,
,,POINT (16.350717151110658 48.109673769529394),,,268,,,,
,,POINT (16.284197871053728 48.38220233396405),,,"830, 832",,,,
,,POINT (16.31832470126258 48.38102100683177),,,"831, 832",,,,
,,POINT (16.313626476116525 48.358797417492106),,,"830, 831, 832",,,,
,,POINT (16.473049227168584 48.14325799083355),,,"171, 217, 218, 272, 279, 71A",,,,
,,POINT (16.448893959521758 48.288315022404845),,,511,,,,
,,POINT (16.451840447704697 48.28934901491521),,,511,,,,
,,POINT (16.45496653439649 48.29046080587699),,,511,,,,
,,POINT (16.292929275332735 48.31225425994682),,,402,,,,
,,POINT (16.295237962146413 48.31133416178243),,,402,,,,
,,POINT (16.299864243282503 48.31285165000242),,,402,,,,
,,POINT (16.302298735006513 48.314805237818476),,,"402, 403",,,,
,,POINT (16.45867661949181 48.291793596072516),,,511,,,,
,,POINT (16.267578319590942 48.000747370877555),,,"310, 320",,,,
,,POINT (16.58077478928932 48.18427749063764),,,"550, 552, 553",,,,
,,POINT (16.339304578213966 48.29475809909278),,,1,,,,
,,POINT (16.328196480163328 48.07284436704977),,,"209, 219, 301, 309",,,,
,,POINT (16.302289849792793 48.367147388720184),,,"830, 831, 832, SV903",,,,
,,POINT (16.303233045469025 48.367368186164235),,,"831, 832",,,,
,,POINT (16.311389714273155 48.371575358693626),,,"831, 832",,,,
,,POINT (16.316357398726073 48.37541233498508),,,"831, 832",,,,
,,POINT (16.327819848611618 48.37796011176666),,,832,,,,
,,POINT (16.321010683302966 48.37872391529093),,,"831, 832",,,,
,,POINT (16.315566909634395 48.378556821450545),,,832,,,,
,,POINT (16.438697769916455 48.131753879179065),,,"266, 70A, SV700",,,,
,,POINT (16.397088020589777 48.10792823246542),,,"226, 227, 266",,,,
,,POINT (16.39498594008896 48.11192901586534),,,"226, 227, 266",,,,
,,POINT (16.39618075396418 48.12146466920259),,,"226, 227, 266",,,,
,,POINT (16.396764637682512 48.11471190048941),,,"226, 227, 266",,,,
,,POINT (16.40344808173262 48.10436514359725),,,"217, 226, 227",,,,
,,POINT (16.458388752163227 48.12199230641172),,,217,,,,
,,POINT (16.53112491411127 48.08328722014469),,,"221, 272",,,,
,,POINT (16.457939643252022 48.11704482990604),,,"217, 218",,,,
,,POINT (16.107104539245082 48.24591335783657),,,"447, 451",,,,
,,POINT (16.118414277806043 48.242910261172305),,,"447, 451",,,,
,,POINT (16.45297196846672 48.11720673465348),,,"217, 218",,,,
,,POINT (16.625834118706837 48.20743913661031),,,552,,,,
,,POINT (16.37095677554978 48.395922684611605),,,858,,,,
,,POINT (16.140494304004417 48.03115915068109),,,306,,,,
,,POINT (16.209503082916527 48.266051261741005),,,"401, 445",,,,
,,POINT (16.113878096742027 48.37780522157105),,,"800, 842",,,,
,,POINT (16.587718515488305 48.07301221417557),,,"221, 222, 272",,,,
,,POINT (16.58360423050223 48.070689229479704),,,"248, 272",,,,
,,POINT (16.58342453363735 48.07148152585366),,,"221, 222, 272",,,,
,,POINT (16.31376958384791 48.08811220841834),,,"206, 214, 215, 216, 217, 303, 329, SEV 217, SEV 303, WLB",,,,
,,POINT (16.330361391609543 48.08245931965308),,,214,,,,
,,POINT (16.318342061394517 48.08805820408193),,,214,,,,
,,POINT (16.30687061492325 48.086978020697764),,,"2, 214, 215, 216, 217, 269, 270, 303, 329",,,,
,,POINT (16.310445899197312 48.0875661148374),,,214,,,,
,,POINT (16.3247829231149 48.084469715360854),,,"206, 214, 215, 216, 217, 329",,,,
,,POINT (16.3242439331883 48.08822619755946),,,214,,,,
,,POINT (16.309619410094367 48.09087839953164),,,"269, 270",,,,
,,POINT (16.312489719947024 48.087026106558405),,,2,,,,
,,POINT (16.171468822111883 48.38097934971728),,,825,,,,
,,POINT (16.55283705401265 48.058700616472045),,,"221, 222, 227, 272",,,,
,,POINT (16.547860376539624 48.057517826699566),,,"221, 222, 227, 272",,,,
,,POINT (16.46262920252208 48.29319218578572),,,511,,,,
,,POINT (16.52816052907265 48.08380332034403),,,"221, 272",,,,
,,POINT (16.310652488342157 48.08282543674475),,,"2, 214",,,,
,,POINT (16.47272552259707 48.002123663927684),,,"222, 226, AST",,,,
,,POINT (16.464371898058307 48.29497917518505),,,"510, 511, 512",,,,
,,POINT (16.440881015190193 48.296168492814004),,,510,,,,
,,POINT (16.589982314709776 48.12419886806759),,,"221, 222, 273",,,,
,,POINT (16.624073794905506 48.37773912677472),,,"520, 530, 531",,,,
,,POINT (16.36110212395789 48.30397893258427),,,856,,,,
,,POINT (16.369186877508 48.30102703881915),,,856,,,,
,,POINT (16.37002227048631 48.300064942629774),,,856,,,,
,,POINT (16.572267982969144 48.30140924028689),,,522,,,,
,,POINT (16.57879875372939 48.30232952983503),,,522,,,,
,,POINT (16.581646437265697 48.30149293114368),,,522,,,,
,,POINT (16.166662553394957 48.24826428808138),,,450,,,,
,,POINT (16.312547950757413 48.11573157810812),,,268,,,,
,,POINT (16.308451589482473 48.07891245742865),,,214,,,,
,,POINT (16.311685478495182 48.080844945005964),,,214,,,,
,,POINT (16.302145469607712 48.101377857118734),,,212,,,,
,,POINT (16.40901756084767 48.10719642489158),,,"217, 226, 227",,,,
,,POINT (16.398839707544877 48.105828841239266),,,"226, 227, 266",,,,
,,POINT (16.430811163301605 48.38752376677389),,,501,,,,
,,POINT (16.435859730217963 48.38345508094852),,,501,,,,
,,POINT (16.523893679531508 48.143569639754155),,,279,,,,
,,POINT (16.506897576641418 48.150240624279725),,,279,,,,
,,POINT (16.513257639306378 48.147651430819074),,,279,,,,
,,POINT (16.516841920512363 48.146638531860596),,,279,,,,
,,POINT (16.610760185767955 48.06510643001152),,,"248, 272",,,,
,,POINT (16.60342088328256 48.04721962274672),,,248,,,,
,,POINT (16.603941870269136 48.04230694507301),,,248,,,,
,,POINT (16.607032074693915 48.05110490074273),,,248,,,,
,,POINT (16.397456308280443 48.103135455519),,,266,,,,
,,POINT (16.47320239915139 48.36141764990394),,,501,,,,
,,POINT (16.39351273951791 48.10884003192302),,,"226, 227, 266",,,,
,,POINT (16.579166558518374 48.073450420571156),,,272,,,,
,,POINT (16.482481478268983 48.142514685185276),,,"217, 218, 266, 272, 279, 71A, REX7, S7, SV907",,,,
,,POINT (16.496198742442765 48.15638350527681),,,279,,,,
,,POINT (16.473022323902633 48.141771397315594),,,"171, 217, 266",,,,
,,POINT (16.469177549980774 48.14522398535704),,,"171, 217, 218, 272, 279, 71A, SV907",,,,
,,POINT (16.478870288835573 48.13901390528456),,,218,,,,
,,POINT (16.46720123417198 48.13339064327545),,,"171, 217",,,,
,,POINT (16.480433400103685 48.14752556299129),,,279,,,,
,,POINT (16.468791235403863 48.137958820163924),,,"171, 217",,,,
,,POINT (16.101948338746286 48.27982100090239),,,"411, 441",,,,
,,POINT (16.226517132972564 48.28149477101282),,,405,,,,
,,POINT (16.597725900294616 48.18169598668929),,,"550, 553",,,,
,,POINT (16.60430156756897 48.181288682503066),,,"550, 553",,,,
,,POINT (16.179580431997643 48.31267856840603),,,"404, 411, 441",,,,
,,POINT (16.126696578985246 48.171213395275785),,,"253, 453, 458",,,,
,,POINT (16.1221061904973 48.16607302439409),,,"250, 253, 453, 458",,,,
,,POINT (16.100807189764108 48.164059855342366),,,"250, 253, 458",,,,
,,POINT (16.118710579769807 48.1540406855585),,,"250, 453, 458",,,,
,,POINT (16.125780281381783 48.169901402729494),,,"250, 253",,,,
,,POINT (16.118072777714435 48.15121789980483),,,"250, 453, 458",,,,
,,POINT (16.120794577279536 48.1574205672908),,,"250, 253, 453, 458",,,,
,,POINT (16.128574060424572 48.167127513049536),,,"250, 253, 453, 458",,,,
,,POINT (16.11302423306047 48.165617635891486),,,"250, 253, 458",,,,
,,POINT (16.143477330505515 48.3228458552591),,,406,,,,
,,POINT (16.319402059695893 48.089618295875454),,,214,,,,
,,POINT (16.105505367353956 48.16436544940854),,,"250, 253, 458",,,,
,,POINT (16.214227708215848 48.05991974040866),,,265,,,,
,,POINT (16.49186038345923 48.3960537672133),,,514,,,,
,,POINT (16.492947383237055 48.39885705252683),,,514,,,,
,,POINT (16.163410665921525 48.24681069872694),,,449,,,,
,,POINT (16.51159553644431 48.04960369987351),,,227,,,,
,,POINT (16.64396163191905 48.022123002595464),,,272,,,,
,,POINT (16.324778942340995 48.361125291507854),,,1,,,,
,,POINT (16.26180234085003 48.08971435161014),,,260,,,,
,,POINT (16.266284980063215 48.117776613813994),,,"1, 206, 256, 257, 258, 259",,,,
,,POINT (16.45293574147832 48.01226263449093),,,246,,,,
,,POINT (16.302500445789246 48.07110968905837),,,3,,,,
,,POINT (16.13010109698632 48.14153193339944),,,250,,,,
,,POINT (16.32866862172888 48.36015239364038),,,1,,,,
,,POINT (16.32017956481238 48.36117299445951),,,1,,,,
,,POINT (16.33051020813437 48.35728130639869),,,1,,,,
,,POINT (16.17472911654638 48.112606927709514),,,255,,,,
,,POINT (16.377056037236194 48.300064935791376),,,850,,,,
,,POINT (16.309242120891035 48.0949223807656),,,"206, 269, 270, 303, 329",,,,
,,POINT (16.28368525067061 48.09706429572555),,,"206, 207, 259, 261, 262, 268, 269",,,,
,,POINT (16.284107456945282 48.10068197761199),,,"206, 207, 258, 259, 260, 261, 262, 268, 269, 329",,,,
,,POINT (16.274899703237153 48.1015997824178),,,"206, 212, 258, 260, 261",,,,
,,POINT (16.26040995765625 48.094202531651334),,,"206, 260, 262",,,,
,,POINT (16.29083571649826 48.09725628762897),,,206,,,,
,,POINT (16.281879557314767 48.09618240143496),,,"206, 262",,,,
,,POINT (16.42689458078192 48.38677807407079),,,501,,,,
,,POINT (16.280433375493587 48.10146177800715),,,"206, 212, 258, 260, 261",,,,
,,POINT (16.268908026158613 48.09881620181216),,,"206, 212, 258, 260, 261",,,,
,,POINT (16.261452056563087 48.09614642166331),,,"206, 258, 260, 261",,,,
,,POINT (16.276310084561384 48.09620640682396),,,"206, 262",,,,
,,POINT (16.305478251346514 48.100291958958216),,,206,,,,
,,POINT (16.34973375157161 48.168553194916335),,,"15A, 209, 303, 309, 311, 65A, 7940, B01, B05, B23, B24, B25",,,,
,,POINT (16.323512092145947 48.177635067652716),,,9A,,,,
,,POINT (16.359219989876262 48.22895090013623),,,"1, 31, 33, D",,,,
,,POINT (16.445044625124368 48.19700949986455),,,"79A, 79B",,,,
,,POINT (16.332055080192273 48.199290858692905),,,"49, 9, N49",,,,
,,POINT (16.220031107181818 48.209798219264265),,,"451, 453, 50A, N49",,,,
,,POINT (16.39474816381162 48.19211715429621),,,"71, 77A, N71",,,,
,,POINT (16.403646122058845 48.30715177670053),,,501,,,,
,,POINT (16.46269640889933 48.17538869165786),,,"76A, 76B",,,,
,,POINT (16.441801615547625 48.178755188545374),,,"76A, 76B",,,,
,,POINT (16.444038581115347 48.23361832562064),,,"25, 26A, N26",,,,
,,POINT (16.392322765331063 48.25603395045297),,,34A,,,,
,,POINT (16.3209789085856 48.25203261383104),,,39A,,,,
,,POINT (16.3427090115536 48.186919011271414),,,N6,,,,
,,POINT (16.41422365398518 48.25325275028036),,,"25, 26, N20",,,,
,,POINT (16.293733090273616 48.21543100612549),,,45A,,,,
,,POINT (16.36135797018739 48.22309212685959),,,"1, D, N38",,,,
,,POINT (16.301449650839693 48.213790809149465),,,"45A, 46A, 46B",,,,
,,POINT (16.246674907731688 48.13189196576427),,,"249, 255",,,,
,,POINT (16.41666693225119 48.17435832479008),,,"76A, 76B",,,,
,,POINT (16.342412608710593 48.255740883388704),,,"38, 38A, N38",,,,
,,POINT (16.45082973347115 48.223786268521636),,,"86A, 87A",,,,
,,POINT (16.36517589513434 48.2544669752043),,,"38A, 400, D, E4, N36",,,,
,,POINT (16.444433769724284 48.2270717563483),,,94A,,,,
,,POINT (16.473233594186347 48.20202705795158),,,"93A, 95A, N91",,,,
,,POINT (16.407899517830444 48.27708264098469),,,"30, 30A, 31, 31A, 32A, 36A, 36B, N31",,,,
,,POINT (16.49565546004157 48.256673884250766),,,"28A, 85A",,,,
,,POINT (16.244680775508055 48.20424852176482),,,"450, 49A",,,,
,,POINT (16.394864941467617 48.1761315304889),,,69A,,,,
,,POINT (16.227496077851438 48.21313849643863),,,"450, 49A, 50B",,,,
,,POINT (16.393768895560097 48.13894810810932),,,"17A, N17",,,,
,,POINT (16.257710871396633 48.218232215005365),,,52B,,,,
,,POINT (16.54288869554283 48.23189487256927),,,99A,,,,
,,POINT (16.439582909116062 48.23792630820477),,,"26A, N26",,,,
,,POINT (16.295628489624168 48.14949161966208),,,"58A, 58B, 64A",,,,
,,POINT (16.44446958026975 48.16235186539334),,,"73A, N71",,,,
,,POINT (16.458887636938393 48.25427551828898),,,"27A, N25",,,,
,,POINT (16.447685737798015 48.28795046400644),,,32A,,,,
,,POINT (16.301885029590718 48.12842642833829),,,"207, 260, 269, 61B",,,,
,,POINT (16.345354659347034 48.285099237928485),,,400,,,,
,,POINT (16.43423794041554 48.241539994093245),,,"22A, 25, 26A, 93A, 94A, N25, N26, VAL 3",,,,
,,POINT (16.438954155118488 48.26904686006465),,,"28A, 29A, N25",,,,
,,POINT (16.29600580824582 48.16435924845471),,,58B,,,,
,,POINT (16.302329966770223 48.22810123986254),,,"43, 44A, N43",,,,
,,POINT (16.26324436164833 48.15977539047206),,,56A,,,,
,,POINT (16.252985796637812 48.2200099094058),,,52B,,,,
,,POINT (16.370727356740005 48.245757613106754),,,"11A, N29",,,,
,,POINT (16.232885768484394 48.12915199163529),,,"249, 255",,,,
,,POINT (16.43350595201798 48.29638359846337),,,510,,,,
,,POINT (16.34896135456991 48.239846854793534),,,"10A, 35A, 38, N35, N38",,,,
,,POINT (16.42231728643967 48.16098568535933),,,69A,,,,
,,POINT (16.31953260897597 48.17577207909715),,,"63A, 8A",,,,
,,POINT (16.34427210143129 48.185685215993395),,,12A,,,,
,,POINT (16.342978510969076 48.18720040998612),,,"12A, N60",,,,
,,POINT (16.37043093125265 48.22629390661568),,,5A,,,,
,,POINT (16.370296130837637 48.225845008843336),,,"2, 31, 5A, 5B, N31",,,,
,,POINT (16.313379136739755 48.17417269038967),,,"63A, 8A",,,,
,,POINT (16.3127143407995 48.174370389526125),,,8A,,,,
,,POINT (16.399769716188594 48.174993332513644),,,"11, 6, 69A, D, N6",,,,
,,POINT (16.367286734484857 48.14650078870782),,,"67A, 67B, N67",,,,
,,POINT (16.283169014064487 48.19529700855126),,,"47A, 52, 60",,,,
,,POINT (16.397272430277177 48.176838325641114),,,69A,,,,
,,POINT (16.32975538375586 48.193159189383685),,,12A,,,,
,,POINT (16.353497826818995 48.23624506934868),,,37,,,,
,,POINT (16.3616454995035 48.24488422276578),,,"10A, 39A, D, N36",,,,
,,POINT (16.283752885653477 48.176934296183326),,,"10, 49, 60, N60",,,,
,,POINT (16.396652666679806 48.272813867838934),,,"36A, R 21170, R 21222, REX3, S3, S4, S7, SV903",,,,
,,POINT (16.46487941629906 48.26046568445665),,,27A,,,,
,,POINT (16.403452935628867 48.27420095743971),,,"36A, 36B",,,,
,,POINT (16.385271113647722 48.2660691076685),,,34A,,,,
,,POINT (16.266666954965476 48.166899654826366),,,"56B, N62",,,,
,,POINT (16.48802887555722 48.24035536624951),,,95A,,,,
,,POINT (16.304997926433558 48.20873253052456),,,"10, 33, 44, 46, 48A, N46",,,,
,,POINT (16.400928656611715 48.28021532997625),,,"30A, 31A, 32A",,,,
,,POINT (16.35964215649633 48.206750906335),,,"1, 2, 46, 48A, 49, 71, D, N25, N38, N46, N60, N66",,,,
,,POINT (16.41193291586569 48.218100419577425),,,"11A, 82A, N81",,,,
,,POINT (16.288010809957374 48.1381148785685),,,"61A, 62A, 64A, N65",,,,
,,POINT (16.27287432403068 48.1667498507802),,,"56A, 56B, N62",,,,
,,POINT (16.438325380342334 48.285457882319086),,,32A,,,,
,,POINT (16.38878348832187 48.26033413228937),,,"34A, 36A, 36B",,,,
,,POINT (16.36284019464084 48.24552431914845),,,11A,,,,
,,POINT (16.264537986094126 48.18125898695343),,,"54A, 54B",,,,
,,POINT (16.502954142088964 48.217783106073455),,,595,,,,
,,POINT (16.45604891632308 48.22919023958479),,,"86A, 87A, 95A",,,,
,,POINT (16.362741334584733 48.201590029025645),,,57A,,,,
,,POINT (16.412543805260828 48.284178703669035),,,"30, 31, 32A, N31",,,,
,,POINT (16.366577156790687 48.2313863841016),,,"1, 2, 31, 33, O",,,,
,,POINT (16.42576677929163 48.16815174961561),,,73A,,,,
,,POINT (16.326683111425165 48.20206304944668),,,9,,,,
,,POINT (16.53963677941132 48.20851688669275),,,"26A, 88A, N26",,,,
,,POINT (16.290292577816178 48.1946144070652),,,"52, 60",,,,
,,POINT (16.325614172276833 48.24203065860303),,,"35A, N35",,,,
,,POINT (16.309381704253237 48.20812183059088),,,"10, 48A",,,,
,,POINT (16.375470365683253 48.19713524241711),,,"1, D",,,,
,,POINT (16.359040302776357 48.16619259995244),,,"15A, 65A",,,,
,,POINT (16.430824369438852 48.25129674927527),,,"25, 26, 27A, N20",,,,
,,POINT (16.33445362249937 48.2373280759663),,,"10A, 37A, 40A",,,,
,,POINT (16.3569563317789 48.25119509620436),,,37,,,,
,,POINT (16.328524754032635 48.239266570720645),,,40A,,,,
,,POINT (16.36565197481384 48.24095963909938),,,5B,,,,
,,POINT (16.534210925491948 48.22267302267028),,,"99A, 99B",,,,
,,POINT (16.37162562096096 48.15180506061606),,,17A,,,,
,,POINT (16.397802473703706 48.20981596824456),,,80A,,,,
,,POINT (16.39713767594987 48.209235270735036),,,80A,,,,
,,POINT (16.2944739695426 48.129895427800996),,,"207, 61B",,,,
,,POINT (16.401467606402612 48.246433591022175),,,20A,,,,
,,POINT (16.40111720724704 48.24551829580299),,,20A,,,,
,,POINT (16.233730343799408 48.21141449844398),,,"450, 49A, 50B",,,,
,,POINT (16.30202445448967 48.14739992545632),,,"60A, 66A, N66",,,,
,,POINT (16.334354884099806 48.281016467918796),,,38A,,,,
,,POINT (16.429692480925087 48.18339127405157),,,72A,,,,
,,POINT (16.27995297313987 48.15464580437254),,,58B,,,,
,,POINT (16.42585680929546 48.26224180048636),,,29A,,,,
,,POINT (16.246221422296827 48.21495213828279),,,52A,,,,
,,POINT (16.386416471458343 48.29106446941619),,,"26, 32A, 510, N20",,,,
,,POINT (16.302671236997405 48.13673607560464),,,64A,,,,
,,POINT (16.32064656468792 48.21947716976663),,,10A,,,,
,,POINT (16.4360256764957 48.273866139097855),,,"28A, 29B",,,,
,,POINT (16.33764251374703 48.17121918973478),,,"15A, 63A, 7A, N62",,,,
,,POINT (16.533016227037823 48.21997383553069),,,"98A, 99A, 99B",,,,
,,POINT (16.28355527411143 48.23903919934755),,,43A,,,,
,,POINT (16.461268074669736 48.218094489202294),,,92A,,,,
,,POINT (16.316702998884722 48.229944322141215),,,42A,,,,
,,POINT (16.394622381253345 48.20408669730464),,,4A,,,,
,,POINT (16.34541295770283 48.229812605145746),,,"37A, 40A",,,,
,,POINT (16.25513268127917 48.21674182336245),,,52B,,,,
,,POINT (16.308438533354842 48.22601864598614),,,"10, 2, 43, 445, 44A, N43",,,,
,,POINT (16.24135684617574 48.13818084073117),,,"250, N61",,,,
,,POINT (16.43921454595103 48.191087131693074),,,77A,,,,
,,POINT (16.4532731888518 48.271857137318094),,,"29A, 29B, N25",,,,
,,POINT (16.490094935207704 48.21874086785924),,,97A,,,,
,,POINT (16.330545905019736 48.2117855005914),,,2,,,,
,,POINT (16.367960517253323 48.20773869586622),,,"1A, 2A",,,,
,,POINT (16.29817065476811 48.1334446938646),,,61A,,,,
,,POINT (16.262507808523825 48.190542244443186),,,53A,,,,
,,POINT (16.38658255793419 48.230608475340816),,,"2, N29",,,,
,,POINT (16.53610646972854 48.26153603567337),,,89A,,,,
,,POINT (16.354036601144923 48.14775349072054),,,"66A, N66",,,,
,,POINT (16.34989542129719 48.14777749328108),,,"16A, 66A, 67A, N66",,,,
,,POINT (16.353066505492592 48.14671059681838),,,"16A, 66A, 67A",,,,
,,POINT (16.357809566341587 48.135626947003985),,,N67,,,,
,,POINT (16.370754207217985 48.1385104247598),,,16A,,,,
,,POINT (16.463469019082652 48.25737360002129),,,27A,,,,
,,POINT (16.330330204901813 48.138654349563794),,,65A,,,,
,,POINT (16.456466707628266 48.28152444697895),,,"32A, 510",,,,
,,POINT (16.49784734824033 48.255178589646206),,,"28A, 85A",,,,
,,POINT (16.247362326996384 48.221943103442754),,,52A,,,,
,,POINT (16.350138067113146 48.18143273274221),,,12A,,,,
,,POINT (16.264376289805035 48.18326557733629),,,"54A, 54B",,,,
,,POINT (16.349706875260193 48.18540971436895),,,59A,,,,
,,POINT (16.450003250641423 48.16077596921461),,,"73A, N71",,,,
,,POINT (16.436438858809595 48.263013289987946),,,"27A, 28A, 29A",,,,
,,POINT (16.38437268399542 48.169379969230576),,,"68A, 68B, N68",,,,
,,POINT (16.440993273819288 48.21792090276016),,,"93A, N90",,,,
,,POINT (16.254405087337503 48.21841781633545),,,52B,,,,
,,POINT (16.341873701479567 48.24896401624215),,,"38, N38",,,,
,,POINT (16.39418228166776 48.20249410528794),,,N75,,,,
,,POINT (16.360100356439602 48.20826549822518),,,"1, 2, 71, D",,,,
,,POINT (16.40428830749519 48.257200237503845),,,"28A, 29A, 29B, N30",,,,
,,POINT (16.299428466856817 48.218489587499846),,,"46A, 46B",,,,
,,POINT (16.393239010850323 48.22004572224983),,,82A,,,,
,,POINT (16.39490988138523 48.20538589092694),,,4A,,,,
,,POINT (16.38670833738988 48.21621504436517),,,5A,,,,
,,POINT (16.28947512090133 48.22245177477453),,,"44B, 46A, 46B",,,,
,,POINT (16.27725803263287 48.18779344841686),,,"53A, 54A, 54B, N54",,,,
,,POINT (16.355357287878046 48.21467677133724),,,"43, 44, N43",,,,
,,POINT (16.26778986236161 48.17622740957837),,,54B,,,,
,,POINT (16.47779698242156 48.20897182247291),,,N91,,,,
,,POINT (16.465517073785996 48.15990106406837),,,"71B, 73A, N71",,,,
,,POINT (16.4758206844427 48.204080646957486),,,"93A, 95A, N91",,,,
,,POINT (16.445053548551517 48.214281616957834),,,"92A, 93A, N91",,,,
,,POINT (16.38059072268642 48.18450529932131),,,D,,,,
,,POINT (16.300227890548044 48.16683373368709),,,58B,,,,
,,POINT (16.473952230682528 48.15864266455818),,,"76B, 79A, 79B",,,,
,,POINT (16.197510757307846 48.31864652255751),,,"404, 411",,,,
,,POINT (16.207985031306638 48.330568555211975),,,"403, 405, 406, 411, 415",,,,
,,POINT (16.212341877883397 48.31589262071109),,,"404, 405, 406, 415",,,,
,,POINT (16.20655674098692 48.331559951957),,,"403, 405, 415",,,,
,,POINT (16.21180291282319 48.330765650046914),,,"403, 405, 406, 411, 415",,,,
,,POINT (16.207778411993075 48.32111360049169),,,"106, 404, 405, 406, 415",,,,
,,POINT (16.205514724138602 48.32151380095953),,,"404, 411",,,,
,,POINT (16.269303831532707 48.37646257597105),,,830,,,,
,,POINT (16.474522503916496 48.136328222558824),,,218,,,,
,,POINT (16.322941317107336 48.07813824762855),,,"209, 219, 303, 309, B99",,,,
,,POINT (16.318755251194943 48.08440372169552),,,214,,,,
,,POINT (16.31995893917074 48.08146313438604),,,214,,,,
,,POINT (16.357877129187138 48.29950315715649),,,856,,,,
,,POINT (16.368602969822604 48.296574960871816),,,856,,,,
,,POINT (16.376975220680237 48.292391372612975),,,856,,,,
,,POINT (16.371962653917265 48.296288058608454),,,856,,,,
,,POINT (16.359682735917524 48.306327222777014),,,856,,,,
,,POINT (16.355478659965133 48.30803611922251),,,856,,,,
,,POINT (16.35025947760838 48.30467214034489),,,856,,,,
,,POINT (16.353304757162807 48.30185165051027),,,856,,,,
,,POINT (16.359790524027147 48.301487145470425),,,856,,,,
,,POINT (16.375313333840236 48.294776062591346),,,856,,,,
,,POINT (16.367030891806824 48.30313043140042),,,856,,,,
,,POINT (16.50236157384858 48.36936718400044),,,"500, 501, 502, 505",,,,
,,POINT (16.262188444591864 48.00029057881183),,,"310, 320",,,,
,,POINT (16.533622808844427 48.364145178751826),,,"530, 531",,,,
,,POINT (16.51997678808402 48.046246807611986),,,"221, 222, 227",,,,
,,POINT (16.31396309394245 48.216909385887725),,,2,,,,
,,POINT (16.411887908933352 48.21250374633885),,,82A,,,,
,,POINT (16.349868657849708 48.24520132859447),,,"10A, 39A",,,,
,,POINT (16.31809519616561 48.16122544967935),,,"16A, 64B, N65, N8",,,,
,,POINT (16.36217538184659 48.16244781622003),,,"11, N65",,,,
,,POINT (16.436456841516453 48.25060894940224),,,"26, 27A, N20",,,,
,,POINT (16.29336484391828 48.25225393039669),,,"35A, N35",,,,
,,POINT (16.49829649161972 48.216448373983184),,,"26A, N26",,,,
,,POINT (16.372721600566503 48.21285096898497),,,3A,,,,
,,POINT (16.373745697787534 48.21414396248141),,,"1, 2, 2A, 71, D",,,,
,,POINT (16.244752672042733 48.20328452647444),,,"450, 451, 453, 49A, 50A, N49",,,,
,,POINT (16.424347473016006 48.15803749864162),,,69A,,,,
,,POINT (16.51000144383303 48.22325953427096),,,"88A, 88B",,,,
,,POINT (16.309327747980888 48.167648524113915),,,"16A, 62, 63A, N62",,,,
,,POINT (16.28092330292974 48.250656845933705),,,43A,,,,
,,POINT (16.22209730813332 48.21441949523559),,,450,,,,
,,POINT (16.31361275331982 48.18681712993482),,,"10, 10A, 49, 60, N60",,,,
,,POINT (16.28476804096295 48.22014748923546),,,"46A, 46B",,,,
,,POINT (16.29050812649639 48.15825928089097),,,"58A, 58B",,,,
,,POINT (16.329638588103922 48.19608137616442),,,12A,,,,
,,POINT (16.537849103234354 48.21958473438592),,,98A,,,,
,,POINT (16.343733135826458 48.20754111259885),,,"46, N46",,,,
,,POINT (16.28201904029257 48.13827078117476),,,"66A, N66",,,,
,,POINT (16.26197774731286 48.14457686346037),,,"60A, N60, N61",,,,
,,POINT (16.45494401572318 48.22466006138688),,,"25, 86A, 87A, 95A, 96A, N26",,,,
,,POINT (16.399904391604082 48.15789971440138),,,15A,,,,
,,POINT (16.51000143185771 48.21468257557231),,,"26A, 88A, 88B, N26",,,,
,,POINT (16.40225807123149 48.22382819807101),,,"11A, 11B",,,,
,,POINT (16.349563113858224 48.21300668293458),,,"13A, N71",,,,
,,POINT (16.31858034257005 48.19642868138885),,,10A,,,,
,,POINT (16.470071506750145 48.199566271968564),,,N91,,,,
,,POINT (16.331480025239788 48.157336459730736),,,16A,,,,
,,POINT (16.3659213834369 48.176185448475515),,,"1, 6, N6",,,,
,,POINT (16.442915737128516 48.26982425373443),,,"28A, 29A, N25",,,,
,,POINT (16.307419116035312 48.363375401378995),,,"830, 831, 832",,,,
,,POINT (16.520687209781354 48.38170690742834),,,"501, 514, 515, 530, 531",,,,
,,POINT (16.187997199878495 48.1347518097141),,,250,,,,
,,POINT (16.409367698351208 48.03306317801527),,,221,,,,
,,POINT (16.12037268358146 48.29560700779382),,,"441, 449",,,,
,,POINT (16.456340553761482 48.0719378466485),,,227,,,,
,,POINT (16.306672889198502 48.07455508072616),,,219,,,,
,,POINT (16.165925569637643 48.07174013204879),,,"249, 251, 252, 255",,,,
,,POINT (16.310679373333596 48.076229668559144),,,219,,,,
,,POINT (16.324554247113596 48.29178772259964),,,2,,,,
,,POINT (16.343319956711067 48.293497102477495),,,1,,,,
,,POINT (16.344011650233615 48.29122591263806),,,1,,,,
,,POINT (16.134134476598103 48.14086053276852),,,"250, 251, 252",,,,
,,POINT (16.13250858023551 48.138906343768554),,,"250, 251, 252",,,,
,,POINT (16.31477559923343 48.05157958190255),,,"223, 263, 301",,,,
,,POINT (16.333559329995495 48.0615106160941),,,"311, B01, B24, B99",,,,
,,POINT (16.299890796869263 48.10863612477668),,,"212, 268",,,,
,,POINT (16.211075207588983 48.32660277072214),,,"405, 406, 411, 415",,,,
,,POINT (16.212036407800497 48.32877085956411),,,"405, 406, 411, 415",,,,
,,POINT (16.318333058101445 48.086282012649754),,,"206, 214, 215, 216, 217, 329",,,,
,,POINT (16.56768632262637 48.170038771468015),,,"552, 553",,,,
,,POINT (16.385634412946942 48.03247450428012),,,"221, S60",,,,
,,POINT (16.380460139822688 48.033333504965434),,,"200, 210, 216, 263, 329",,,,
,,POINT (16.378932937443427 48.02891822737829),,,"200, 210, 216, 221, 223, 263, 329",,,,
,,POINT (16.378115536365954 48.026413040354626),,,"200, 216, 263, 329",,,,
,,POINT (16.47292405298957 48.38550133533694),,,501,,,,
,,POINT (16.337705505081143 48.2367117767133),,,"37A, 40A",,,,
,,POINT (16.378551652772284 48.19917113070788),,,4A,,,,
,,POINT (16.404953003334892 48.184499283907414),,,"71, D, N71",,,,
,,POINT (16.448727718943264 48.205637256118365),,,92B,,,,
,,POINT (16.278201255553892 48.13602869452447),,,"60A, N61",,,,
,,POINT (16.486753133903246 48.20548163332281),,,93A,,,,
,,POINT (16.49137947221412 48.177646963098866),,,92B,,,,
,,POINT (16.369020614781608 48.28205654153566),,,34A,,,,
,,POINT (16.49348151637344 48.21704697386305),,,"26A, 97A, N26",,,,
,,POINT (16.395682469656894 48.27146257527067),,,36A,,,,
,,POINT (16.4132533457461 48.17205193877879),,,15A,,,,
,,POINT (16.439960121717792 48.17629320128951),,,"76A, 76B",,,,
,,POINT (16.4809141815213 48.220213267119526),,,"26A, 93A, 97A, 98A, N84",,,,
,,POINT (16.27495829736373 48.15443600837879),,,56A,,,,
,,POINT (16.268445623963604 48.15059443134996),,,"56A, 60, 60A, N60, N61",,,,
,,POINT (16.268221019798844 48.14742984666396),,,60,,,,
,,POINT (16.38968163183522 48.15078015438408),,,19A,,,,
,,POINT (16.409462451919275 48.163082883234374),,,15A,,,,
,,POINT (16.38124220209572 48.29393936097307),,,"32A, 510, 850",,,,
,,POINT (16.325461436014866 48.21623898235922),,,"2, 9",,,,
,,POINT (16.375299729240393 48.17073396817495),,,7A,,,,
,,POINT (16.44815280799735 48.267270962267425),,,28A,,,,
,,POINT (16.421176494115368 48.234276536382325),,,"20A, N25, VAL 3",,,,
,,POINT (16.428111440145003 48.22020729960428),,,"92A, 92B, N90",,,,
,,POINT (16.428452821985324 48.207810458600036),,,"79A, 79B",,,,
,,POINT (16.34856600662211 48.20421242525006),,,"13A, 48A, N71",,,,
,,POINT (16.373593017694994 48.22845419387631),,,5A,,,,
,,POINT (16.27698848009489 48.1494497314888),,,60A,,,,
,,POINT (16.458730743333142 48.394801205158636),,,501,,,,
,,POINT (16.46254851710622 48.39150261689738),,,501,,,,
,,POINT (16.4676598855413 48.38858562643333),,,501,,,,
,,POINT (16.29851197366302 48.07681786444575),,,3,,,,
,,POINT (16.29521046930202 48.08566993812238),,,"1, 109, 2, 207, 214, 215, 216, 217, 219, 259, 261, 262, 263, 264, 265, 268, 269, 270, 3, 329, R 21222, R3, R97, R98, REX1, REX3, S1, S2, S3, S4, SV510",,,,
,,POINT (16.219869671984405 48.3298339470604),,,"403, 413",,,,
,,POINT (16.46528785597066 48.139139817453085),,,266,,,,
,,POINT (16.21736337850107 48.32739116108408),,,403,,,,
,,POINT (16.488410341051914 48.13867219781943),,,272,,,,
,,POINT (16.195246807137636 48.245745772224915),,,"450, 458",,,,
,,POINT (16.19614510778712 48.24772586231749),,,"450, 458",,,,
,,POINT (16.19258780165616 48.236873416991294),,,"450, 458",,,,
,,POINT (16.30280129629198 48.1153116894555),,,"268, 270",,,,
,,POINT (16.211317689448162 48.273471724052044),,,"401, 415",,,,
,,POINT (16.20266692792648 48.27170194076397),,,"401, 445",,,,
,,POINT (16.20281062881169 48.27242533713165),,,"405, 415, 445",,,,
,,POINT (16.204149123632295 48.27284393416665),,,"405, 415",,,,
,,POINT (16.299531422150142 48.119857570861654),,,"268, 270",,,,
,,POINT (16.365962130728487 48.3643422401663),,,857,,,,
,,POINT (16.343238967712747 48.156910954064045),,,"16A, N65",,,,
,,POINT (16.374859604176066 48.222326022477944),,,"2, 31, 5A, 5B, N31",,,,
,,POINT (16.371203417290467 48.21951903836947),,,"2, 31",,,,
,,POINT (16.336025644717747 48.2592875701149),,,38A,,,,
,,POINT (16.3551776364338 48.24871270903133),,,37,,,,
,,POINT (16.40129686819156 48.21796282653841),,,N81,,,,
,,POINT (16.32604536531748 48.23872807461651),,,40A,,,,
,,POINT (16.406206296643578 48.301636500216496),,,510,,,,
,,POINT (16.347191536759784 48.14877839012576),,,"16A, 66A, 67A, N66",,,,
,,POINT (16.382558149100014 48.21033677440326),,,"1, 2, 71",,,,
,,POINT (16.383402546080507 48.21130056983758),,,N29,,,,
,,POINT (16.383330647108565 48.21118087062418),,,1,,,,
,,POINT (16.4057884511779 48.22109910931637),,,"11A, 11B",,,,
,,POINT (16.39267301471529 48.14918596062745),,,19A,,,,
,,POINT (16.42148204953989 48.27601843765588),,,"30A, 32A, 36A, 36B",,,,
,,POINT (16.44045433028608 48.25651841843659),,,31A,,,,
,,POINT (16.363334221781464 48.19524305849882),,,"59A, N62, N71",,,,
,,POINT (16.3620406306821 48.197225050286384),,,"59A, N62, N71",,,,
,,POINT (16.481902304627482 48.239960472431534),,,"26, 26E, 85A, 95A, 95B, N23, N24",,,,
,,POINT (16.279872146848 48.20685865499821),,,"47A, 48A, N46",,,,
,,POINT (16.45482726516717 48.260058993300945),,,"25A, N25",,,,
,,POINT (16.272766578550083 48.20532606761218),,,"47A, 48A",,,,
,,POINT (16.388576778465215 48.18045031333195),,,69A,,,,
,,POINT (16.37985416971534 48.2156883505608),,,"1, 2, 5A, 71, N29",,,,
,,POINT (16.530734569673587 48.24241333054957),,,89A,,,,
,,POINT (16.377558857415437 48.17322614051966),,,"227, 66A, N66",,,,
,,POINT (16.377590424430704 48.17466984845998),,,6,,,,
,,POINT (16.349859613291255 48.213234081361165),,,"33, 5",,,,
,,POINT (16.348350420161395 48.21339578172097),,,"13A, N71",,,,
,,POINT (16.307908501863313 48.201949361305644),,,"10, 49",,,,
,,POINT (16.375070990816823 48.366067023068126),,,857,,,,
,,POINT (16.28820376474423 48.113656411859616),,,269,,,,
,,POINT (16.261353177419554 48.105373077202195),,,212,,,,
,,POINT (16.368512765138554 48.11038154880956),,,"266, 268",,,,
,,POINT (16.345228496912583 48.11885003173286),,,"266, 268",,,,
,,POINT (16.46039200984556 48.10682447673942),,,218,,,,
,,POINT (16.460508722423228 48.11286454743291),,,218,,,,
,,POINT (16.394437911643315 48.097988183026466),,,266,,,,
,,POINT (16.544743953166602 48.36345277151224),,,"530, 531",,,,
,,POINT (16.522205281318314 48.37183775329086),,,"530, 531",,,,
,,POINT (16.52310357360711 48.37051895844938),,,"530, 531",,,,
,,POINT (16.52207059391697 48.377154427684374),,,"501, 514, 515, 531",,,,
,,POINT (16.54105187045393 48.36307677671959),,,531,,,,
,,POINT (16.52830483920482 48.366496572735656),,,"530, 531",,,,
,,POINT (16.371665657341392 48.02144427056072),,,"210, 263, 329",,,,
,,POINT (16.348848423254918 48.00058509253868),,,"210, 263, 329",,,,
,,POINT (16.582301513131963 48.01301970619017),,,"227, 248",,,,
,,POINT (16.52408206046927 48.04287161995559),,,227,,,,
,,POINT (16.30279221284524 48.07643367554179),,,219,,,,
,,POINT (16.28044266372221 48.279187129776844),,,401,,,,
,,POINT (16.258802437737813 48.31018110280299),,,142,,,,
,,POINT (16.202577386905197 48.38930768041305),,,"825, 840",,,,
,,POINT (16.46389545764332 48.13700562940513),,,266,,,,
,,POINT (16.297020797419453 48.08856820881935),,,2,,,,
,,POINT (16.31341508311582 48.207666930226445),,,"12A, 48A",,,,
,,POINT (16.287265296217434 48.19688379882199),,,"47A, 49, N49",,,,
,,POINT (16.398907420597396 48.24681639106934),,,20A,,,,
,,POINT (16.401368730653868 48.19068595723394),,,"18, 74A",,,,
,,POINT (16.293005434104508 48.172657010584324),,,"56A, 56B",,,,
,,POINT (16.260747077989723 48.16251977930837),,,56A,,,,
,,POINT (16.43966384771593 48.266379971878486),,,"28A, 29A, N25",,,,
,,POINT (16.353659481926993 48.20412262204753),,,"13A, 48A, N71",,,,
,,POINT (16.339160711801746 48.246218230404644),,,39A,,,,
,,POINT (16.35748623219711 48.18221132486003),,,"14A, N62",,,,
,,POINT (16.301054383433332 48.2362750021378),,,42A,,,,
,,POINT (16.297784502245225 48.2378724959429),,,42A,,,,
,,POINT (16.31653224696475 48.19267409975113),,,"10, 10A, 52, 60",,,,
,,POINT (16.271939986011724 48.13605259863494),,,"60A, N61",,,,
,,POINT (16.288379213707174 48.213341919453136),,,"46A, 46B",,,,
,,POINT (16.311070541103632 48.24106147270067),,,"41, 41A, N41",,,,
,,POINT (16.30744136548837 48.2453448542571),,,41A,,,,
,,POINT (16.373521046190774 48.176059644004745),,,"11, 120, 200, 210, 6, N6, N65, N66, N67, N68",,,,
,,POINT (16.364295445098673 48.21546086188534),,,40A,,,,
,,POINT (16.400443533920367 48.26230161608352),,,"2, 26, 30, 31, 33, 501, 502, N31",,,,
,,POINT (16.28518124754684 48.22576726209011),,,44A,,,,
,,POINT (16.288522903806975 48.20646955207772),,,"48A, N46",,,,
,,POINT (16.324046688364717 48.250555123811445),,,"39A, 39B, 415",,,,
,,POINT (16.25927386702832 48.1492759428566),,,"60A, N61",,,,
,,POINT (16.353695372185804 48.19761435299942),,,"13A, 14A, 57A, N71",,,,
,,POINT (16.3050112094608 48.12592003678696),,,"268, 270",,,,
,,POINT (16.351826892390434 48.205338018154215),,,"13A, 48A, N71",,,,
,,POINT (16.295942985935213 48.2200636825386),,,"46A, 46B",,,,
,,POINT (16.471984835655075 48.1550111832253),,,"79A, 79B",,,,
,,POINT (16.249680008848227 48.217400223697865),,,52B,,,,
,,POINT (16.319110364648612 48.21434749514934),,,"10A, 33, 44",,,,
,,POINT (16.43545468440981 48.03888362499684),,,226,,,,
,,POINT (16.43309219134574 48.03695553601006),,,221,,,,
,,POINT (16.29592002069457 48.01923925482386),,,"301, 303, 329",,,,
,,POINT (16.18152912024382 48.03842137532022),,,308,,,,
,,POINT (16.48138528332815 48.003013251549866),,,"222, 226",,,,
,,POINT (16.512431762138128 48.38694499068237),,,514,,,,
,,POINT (16.579885784955394 48.31941074713981),,,"520, 521",,,,
,,POINT (16.321665689254566 48.06200292598187),,,"263, 301",,,,
,,POINT (16.556511650691178 48.29655677861424),,,"520, 521",,,,
,,POINT (16.290233967583326 48.11941978195721),,,269,,,,
,,POINT (16.29566864234104 48.07447699126339),,,"259, 3",,,,
,,POINT (16.284085053540185 48.08396563932718),,,1,,,,
,,POINT (16.285993813811313 48.08548384840893),,,"207, 214, 216, 217, 259, 261, 262, 263, 264, 265, 268, 269, 270",,,,
,,POINT (16.294123576703104 48.086552035390945),,,"1, 2, 207, 214, 215, 216, 217, 259, 261, 262, 263, 264, 265, 269, 270, 303, 329",,,,
,,POINT (16.295138657157388 48.07965666707317),,,259,,,,
,,POINT (16.301377577560558 48.0898223009139),,,2,,,,
,,POINT (16.482877088340107 48.28654569776292),,,"25B, 511",,,,
,,POINT (16.414582839726794 48.17170443895095),,,15A,,,,
,,POINT (16.419604406701055 48.16627646183636),,,72A,,,,
,,POINT (16.49425413312019 48.231942802573215),,,97A,,,,
,,POINT (16.405276327322195 48.202452198195054),,,80A,,,,
,,POINT (16.40560872546742 48.20279949608518),,,80A,,,,
,,POINT (16.43985234530281 48.19332682032026),,,77A,,,,
,,POINT (16.29588005117814 48.19439280477397),,,"52, 60",,,,
,,POINT (16.409139098685326 48.19551252916745),,,"77A, 80A",,,,
,,POINT (16.455905261965253 48.26148828519025),,,25A,,,,
,,POINT (16.263001829524793 48.13578890493505),,,"60A, N61",,,,
,,POINT (16.37626989375149 48.22011753166647),,,5A,,,,
,,POINT (16.4905842736099 48.158582700353215),,,"279, 76A, 76B",,,,
,,POINT (16.476521447085407 48.25159582005222),,,"24A, N24",,,,
,,POINT (16.280824305951302 48.1814446764149),,,54A,,,,
,,POINT (16.319029562473645 48.21182740736893),,,"10A, 46, N46",,,,
,,POINT (16.37421273214271 48.16850527924144),,,"65A, 66A, N66",,,,
,,POINT (16.504719390359867 48.23805786696852),,,"95A, 97A",,,,
,,POINT (16.334794836635783 48.17680246489422),,,"59A, N8",,,,
,,POINT (16.334273836213736 48.17543067156442),,,9A,,,,
,,POINT (16.323763540501893 48.1414838397949),,,"64A, N64",,,,
,,POINT (16.453286725843174 48.28295914320822),,,"32A, 510",,,,
,,POINT (16.44960364219195 48.282116250917646),,,"32A, 510",,,,
,,POINT (16.370498081939335 48.16864906894544),,,"11, 120, 200, 210, 65A, 66A, N65, N66, O",,,,
,,POINT (16.36889018320158 48.16549158606004),,,"120, 15A, 200, 210, 66A, N66",,,,
,,POINT (16.34838630946742 48.205541519197794),,,48A,,,,
,,POINT (16.490319562946457 48.23979896753467),,,"95A, 97A",,,,
,,POINT (16.323961134156587 48.137887056772875),,,"64A, N64",,,,
,,POINT (16.411290780228367 48.35109685912118),,,"501, 853",,,,
,,POINT (16.301696317457523 48.07653577602147),,,"214, 219, 3",,,,
,,POINT (16.293404852851236 48.07379279718895),,,"259, 263",,,,
,,POINT (16.293144373734428 48.08276535474966),,,"207, 216, 259, 261, 262, 263, 264, 265, 268, 269, 270",,,,
,,POINT (16.298381539666444 48.07915256666763),,,219,,,,
,,POINT (16.30406782072842 48.08341354095132),,,"2, 214, 219",,,,
,,POINT (16.38318275227595 48.36654451260812),,,857,,,,
,,POINT (16.381161438397918 48.35597996484509),,,857,,,,
,,POINT (16.212836022551315 48.38300190027631),,,"1, 104, 105, 140, 3, 825, 826, 827, 828, 829, 830, 831, 840, 841, 893, R 21170, R 21222, R4, REX 2213, REX3, S3, S4, SV903",,,,
,,POINT (16.21249472183632 48.381784806627344),,,140,,,,
,,POINT (16.22374597428288 48.38742852883105),,,1,,,,
,,POINT (16.39257899333437 48.36068953129588),,,857,,,,
,,POINT (16.19283062898065 48.38622350394411),,,"825, 841",,,,
,,POINT (16.223638167869638 48.38250665240261),,,1,,,,
,,POINT (16.223188981996255 48.39041121512274),,,1,,,,
,,POINT (16.223301379344683 48.386468073301856),,,"830, 831",,,,
,,POINT (16.2095482602616 48.39267205670392),,,827,,,,
,,POINT (16.478219223057764 48.240050273618586),,,"26, 26E",,,,
,,POINT (16.473682846154524 48.24110917169813),,,"26, 26E",,,,
,,POINT (16.466909540749867 48.21272521105151),,,95A,,,,
,,POINT (16.389421293589322 48.26667900204083),,,"36A, 36B",,,,
,,POINT (16.404148749783964 48.137461384807004),,,"17A, 266, 70A, N17",,,,
,,POINT (16.36239096031477 48.14773548622864),,,"17A, 66A, 67A, 67B, N66, N67",,,,
,,POINT (16.344963874960197 48.240510953913244),,,"35A, N35",,,,
,,POINT (16.52165259403431 48.22839430288569),,,"99A, 99B",,,,
,,POINT (16.446805380424404 48.2434423773414),,,94A,,,,
,,POINT (16.48625014157915 48.20933101518676),,,93A,,,,
,,POINT (16.246410134461577 48.22386419513938),,,52A,,,,
,,POINT (16.49264614221496 48.23275059960886),,,97A,,,,
,,POINT (16.44862886690249 48.23935619552024),,,94A,,,,
,,POINT (16.430842353312812 48.239487905835325),,,"25, 93A, N25, VAL 3",,,,
,,POINT (16.445969898800314 48.253390230158736),,,31A,,,,
,,POINT (16.53272876896159 48.24946039509014),,,"24A, 89A, N24",,,,
,,POINT (16.35223115862454 48.253743186510306),,,38A,,,,
,,POINT (16.447452067855746 48.236484310335776),,,94A,,,,
,,POINT (16.387337054646405 48.15867871790328),,,15A,,,,
,,POINT (16.386941812057728 48.19909922535431),,,"4A, O",,,,
,,POINT (16.33295331741675 48.157324458845224),,,"16A, 65A",,,,
,,POINT (16.301539502316935 48.25093203158657),,,"35A, 43B, N35",,,,
,,POINT (16.304593781320726 48.24712154805123),,,41A,,,,
,,POINT (16.30168319683676 48.24723524951961),,,41A,,,,
,,POINT (16.29847621048584 48.246666954228324),,,41A,,,,
,,POINT (16.290508233364953 48.234222718367754),,,"43A, 445, N43",,,,
,,POINT (16.198067804033876 48.387004995527285),,,"825, 829, 840",,,,
,,POINT (16.510338676339984 48.388895783498015),,,"514, 515",,,,
,,POINT (16.211115199589305 48.005020962435985),,,A,,,,
,,POINT (16.214038985503805 48.003193811931794),,,308,,,,
,,POINT (16.215808672466757 48.00125841901603),,,308,,,,
,,POINT (16.2172638673448 48.00229221285994),,,308,,,,
,,POINT (16.22358373242285 48.00098187344143),,,A,,,,
,,POINT (16.227437512882837 48.000248474410895),,,A,,,,
,,POINT (16.236878769892225 48.00220805919436),,,A,,,,
,,POINT (16.233501097021442 48.00990102436813),,,C,,,,
,,POINT (16.235998384980775 48.01016542199847),,,C,,,,
,,POINT (16.48456556326586 48.13995509530496),,,272,,,,
,,POINT (16.492129321545605 48.137760998127945),,,272,,,,
,,POINT (16.245295925731497 48.00018836341382),,,B,,,,
,,POINT (16.242744740494263 48.001636958116066),,,B,,,,
,,POINT (16.244909635904236 48.006198934776116),,,C,,,,
,,POINT (16.249023926703572 48.01392739571113),,,C,,,,
,,POINT (16.24323875281943 48.01211250819476),,,C,,,,
,,POINT (16.60936784420507 48.089156017093366),,,222,,,,
,,POINT (16.567587167381745 48.00514085771528),,,"227, 248",,,,
,,POINT (16.604382171175033 48.09039211565268),,,"221, 272",,,,
,,POINT (16.29045431700347 48.22296647230006),,,46A,,,,
,,POINT (16.415112898499267 48.215987527310624),,,"11A, N81",,,,
,,POINT (16.4786953811051 48.21129451039317),,,"93A, N91",,,,
,,POINT (16.533150914484295 48.210959279202896),,,"26A, 88A, N26",,,,
,,POINT (16.381677714893492 48.1823970088848),,,"69A, D",,,,
,,POINT (16.351368696600492 48.20654131191881),,,N71,,,,
,,POINT (16.37305396487138 48.18796098779499),,,"13A, N66",,,,
,,POINT (16.3584653203858 48.1772576473048),,,"1, 18, 6, N6, U2Z",,,,
,,POINT (16.397775452423225 48.19431484169541),,,"74A, 77A",,,,
,,POINT (16.357441403958052 48.233097781650535),,,"35A, N35",,,,
,,POINT (16.356758611168203 48.23598776806582),,,"D, N36",,,,
,,POINT (16.308160042611135 48.23172151949673),,,42A,,,,
,,POINT (16.331965170126136 48.19172199476424),,,"12A, 18, 49, 5, 52, 60, N54",,,,
,,POINT (16.324248816399102 48.268682232315086),,,38A,,,,
,,POINT (16.32981835000307 48.24148015872169),,,"35A, N35",,,,
,,POINT (16.264699675136157 48.17440032015785),,,54B,,,,
,,POINT (16.338262264199447 48.13767124921424),,,"67A, 67B",,,,
,,POINT (16.322703660962425 48.223654648180286),,,"10A, 42A",,,,
,,POINT (16.279818186163517 48.16344846234073),,,"60, N60",,,,
,,POINT (16.238662117755478 48.210480598585214),,,"450, 49A",,,,
,,POINT (16.377410770092574 48.20754109110176),,,3A,,,,
,,POINT (16.417610279742725 48.28353310418213),,,32A,,,,
,,POINT (16.263482225310423 48.13205384788519),,,"1, 206, 249, 257, 259",,,,
,,POINT (16.263145524425042 48.13242552112762),,,60,,,,
,,POINT (16.261384835210425 48.13421811346846),,,"60A, N61",,,,
,,POINT (16.35161131261558 48.21858535464165),,,"33, 5",,,,
,,POINT (16.39963493434579 48.187841271639165),,,74A,,,,
,,POINT (16.29010389249948 48.204026862316546),,,51A,,,,
,,POINT (16.569474312178492 48.30812551135327),,,"520, 521",,,,
,,POINT (16.463491610368333 48.344780239080634),,,G3,,,,
,,POINT (16.4631233072291 48.34269054895561),,,G3,,,,
,,POINT (16.34884855465634 48.061444601415204),,,200,,,,
,,POINT (16.116528085356336 48.37837801599505),,,"800, 842",,,,
,,POINT (16.1107160124037 48.37794242449124),,,"800, 842",,,,
,,POINT (16.19407010957002 48.28934926576552),,,445,,,,
,,POINT (16.540602674609755 48.364330171296075),,,530,,,,
,,POINT (16.335064558750524 48.337155399556686),,,2,,,,
,,POINT (16.194824707163306 48.290126360940924),,,"405, 415, 445",,,,
,,POINT (16.33646153147227 48.343741566906886),,,"1, 830, 831, 832, 850, 853, 857",,,,
,,POINT (16.338433244278164 48.3388631895504),,,2,,,,
,,POINT (16.32457233562156 48.355556217678334),,,1,,,,
,,POINT (16.594707615103562 48.18150429026827),,,550,,,,
,,POINT (16.354158293969363 48.3667235401656),,,858,,,,
,,POINT (16.297025031904237 48.0723102007026),,,"263, 3",,,,
,,POINT (16.300160214034346 48.07133180208864),,,"263, 3",,,,
,,POINT (16.414093569650422 48.3525355493138),,,"501, 853",,,,
,,POINT (16.28340673524258 48.08948033209957),,,"207, 259, 261, 262, 268, 269",,,,
,,POINT (16.285311106351042 48.0803288740763),,,"207, 216, 259, 263, 264, 265, 268, 270",,,,
,,POINT (16.283298943826345 48.093458513002986),,,"207, 259, 261, 262, 268, 269",,,,
,,POINT (16.294249266018774 48.08199725655875),,,259,,,,
,,POINT (16.418176109213753 48.1627173796214),,,72A,,,,
,,POINT (16.454692492774424 48.207900241362374),,,"93A, 96A, N91",,,,
,,POINT (16.45279699911097 48.20577495276319),,,"93A, 96A, N91",,,,
,,POINT (16.407342531700884 48.21316824626227),,,82A,,,,
,,POINT (16.524095960107303 48.21197697933893),,,88B,,,,
,,POINT (16.365678813474375 48.1972310482657),,,"59A, N62, N66, N71",,,,
,,POINT (16.36426855061463 48.21868704616032),,,"1, D, E4, N38",,,,
,,POINT (16.39933414103824 48.260154704460454),,,"501, 502",,,,
,,POINT (16.30731553059574 48.148059219033414),,,"60A, 64A, 66A, N66",,,,
,,POINT (16.378946841569796 48.19209326420384),,,"1, D",,,,
,,POINT (16.42035901511249 48.17466382128174),,,"76A, 76B",,,,
,,POINT (16.449922472542653 48.248479351041155),,,"22A, 24A, 26, 26E, N23, N24",,,,
,,POINT (16.36673438791823 48.25433536408752),,,"38A, 400, 5B",,,,
,,POINT (16.31942488449108 48.22962112248081),,,42A,,,,
,,POINT (16.286097541625555 48.225396262916334),,,44A,,,,
,,POINT (16.279440895096705 48.168930736580286),,,62,,,,
,,POINT (16.249131997867032 48.20767887110675),,,"49A, 50B",,,,
,,POINT (16.378093558054598 48.27248498151919),,,34A,,,,
,,POINT (16.36640642551878 48.20836129437961),,,"1A, 2A",,,,
,,POINT (16.34315815880214 48.2220208431525),,,"40, 41, 42",,,,
,,POINT (16.27706036213956 48.1366760919715),,,"60A, N61",,,,
,,POINT (16.27768456689166 48.13702981098498),,,"250, 253, 259",,,,
,,POINT (16.40492596918129 48.159853201693245),,,15A,,,,
,,POINT (16.311959876227604 48.1968538834815),,,10,,,,
,,POINT (16.3403913464108 48.20428432960272),,,"48A, 5",,,,
,,POINT (16.33938525479527 48.20609832211681),,,"48A, 5",,,,
,,POINT (16.340840542042336 48.2018654408532),,,"49, 5, N49",,,,
,,POINT (16.244977128723953 48.13773123949873),,,"250, 253, N61",,,,
,,POINT (16.318867908252546 48.244603051318464),,,"35A, N35",,,,
,,POINT (16.30552775748712 48.08942029962602),,,"2, 214",,,,
,,POINT (16.28865277922095 48.075365393868736),,,"1, 259, 263",,,,
,,POINT (16.286285927209065 48.07224419350646),,,1,,,,
,,POINT (16.29006316823166 48.073906799849006),,,"207, 216, 217, 259, 261, 263, 264, 265, 268, 270",,,,
,,POINT (16.303834319269104 48.08176914867357),,,"214, 219, 3",,,,
,,POINT (16.303430016010278 48.07973465884172),,,"214, 219, 3",,,,
,,POINT (16.29038222931783 48.088514213805006),,,2,,,,
,,POINT (16.289663635423903 48.09063240364183),,,2,,,,
,,POINT (16.20313868923069 48.39702619556896),,,1,,,,
,,POINT (16.216761711853763 48.38686777745356),,,826,,,,
,,POINT (16.193917631244044 48.389922085071156),,,"825, 829, 840",,,,
,,POINT (16.202487485717178 48.388311485071846),,,"825, 826, 827, 830, 831",,,,
,,POINT (16.21303813633663 48.39357860620967),,,1,,,,
,,POINT (16.20089748643913 48.38537040067174),,,"825, 828, 829, 840, 841, 893",,,,
,,POINT (16.382284337711443 48.3583079529982),,,857,,,,
,,POINT (16.212692332618452 48.38696318094429),,,"825, 826, 827, 830, 831, 840",,,,
,,POINT (16.247726449941094 48.38213077034125),,,830,,,,
,,POINT (16.189533845296896 48.38654560559466),,,"825, 830, 841",,,,
,,POINT (16.48807376586056 48.23342079941592),,,97A,,,,
,,POINT (16.35678555025044 48.19197347872952),,,"12A, 14A, 59A, N62, N71",,,,
,,POINT (16.357800643925476 48.19106318170237),,,"12A, 13A, 59A, N62",,,,
,,POINT (16.466002193482208 48.175610288880854),,,"76A, 76B, 79B",,,,
,,POINT (16.22711876943238 48.208163820914244),,,450,,,,
,,POINT (16.338927138066957 48.193201084003675),,,"18, 6",,,,
,,POINT (16.36162744043966 48.202296526183524),,,"N46, N49",,,,
,,POINT (16.3624359369643 48.202745623267255),,,57A,,,,
,,POINT (16.313226477615093 48.20292525313265),,,12A,,,,
,,POINT (16.28184847137436 48.231236838222344),,,44A,,,,
,,POINT (16.415211627447725 48.16519796948106),,,69A,,,,
,,POINT (16.484624173780183 48.22708973218973),,,"84A, N84",,,,
,,POINT (16.418679142217034 48.18825445805192),,,72A,,,,
,,POINT (16.345682398860863 48.18792510483598),,,"12A, N60",,,,
,,POINT (16.424329566096525 48.225599676217335),,,"92A, 92B, N90",,,,
,,POINT (16.40834858370112 48.18167819557619),,,"71, N71",,,,
,,POINT (16.456174693229283 48.21287491669314),,,"92A, 93A, 96A, N91",,,,
,,POINT (16.46842763616214 48.21559849694158),,,"92A, 95A",,,,
,,POINT (16.481596920161127 48.249885124904885),,,85A,,,,
,,POINT (16.485540497634638 48.24781533252604),,,85A,,,,
,,POINT (16.422748518771968 48.186212165181075),,,72A,,,,
,,POINT (16.291235721321982 48.15710878614075),,,58A,,,,
,,POINT (16.284714123301104 48.20688865224256),,,"48A, N46",,,,
,,POINT (16.515067890501495 48.20227253113528),,,88B,,,,
,,POINT (16.311411873791677 48.19353049930942),,,"10, 52, 60",,,,
,,POINT (16.351674169112616 48.18845209808768),,,"12A, 14A, N60",,,,
,,POINT (16.353506659053892 48.186709305708284),,,"12A, 14A, 59A, N62",,,,
,,POINT (16.284381734997616 48.21433561660636),,,"46A, 46B",,,,
,,POINT (16.349383500432868 48.20219473391085),,,"13A, 49, N49, N71",,,,
,,POINT (16.239048800477295 48.38579986112415),,,830,,,,
,,POINT (16.183811677378092 48.38821000352606),,,"825, 828, 841, 893",,,,
,,POINT (16.222061699901165 48.39308954305222),,,"1, 826",,,,
,,POINT (16.22367407164705 48.385370338214386),,,1,,,,
,,POINT (16.198292408301878 48.38943298378358),,,840,,,,
,,POINT (16.240076765615257 48.01061621741026),,,C,,,,
,,POINT (16.2262427319517 48.00960653062729),,,C,,,,
,,POINT (16.22013426136408 48.00970873410637),,,C,,,,
,,POINT (16.330806541831763 48.310563428486354),,,3,,,,
,,POINT (16.327572646687326 48.302389470082126),,,2,,,,
,,POINT (16.331412845104623 48.29293531406362),,,"2, 401",,,,
,,POINT (16.33230223544967 48.29098682239151),,,"2, 401",,,,
,,POINT (16.330047445781975 48.29027562858959),,,"2, 401",,,,
,,POINT (16.330272049475585 48.2928516154295),,,"2, 401",,,,
,,POINT (16.32882123432041 48.29802118971495),,,1,,,,
,,POINT (16.32722224618292 48.30060877870669),,,1,,,,
,,POINT (16.324194962898584 48.302479171137165),,,3,,,,
,,POINT (16.32332810714489 48.303399372001614),,,"1, 2, 3, 401, 403",,,,
,,POINT (16.32431176882178 48.307319148379726),,,"1, 2, 3",,,,
,,POINT (16.321859378048167 48.30445696360956),,,"2, 3",,,,
,,POINT (16.319424986303883 48.302586674175004),,,3,,,,
,,POINT (16.323664862681998 48.22891502289969),,,42A,,,,
,,POINT (16.329450014419276 48.21386869089605),,,"33, 44",,,,
,,POINT (16.236236631373576 48.210965497929664),,,"450, 49A",,,,
,,POINT (16.47671017859264 48.2752711069585),,,25A,,,,
,,POINT (16.281165767231343 48.22661106012456),,,44A,,,,
,,POINT (16.36946070835381 48.2066431001891),,,2A,,,,
,,POINT (16.483169005753158 48.24533284578879),,,85A,,,,
,,POINT (16.37692565508573 48.194710153165964),,,"1, D",,,,
,,POINT (16.45593213723755 48.24360987062421),,,"22A, N23, N24",,,,
,,POINT (16.336915064603776 48.27612018944661),,,38A,,,,
,,POINT (16.356844080195998 48.27455367719958),,,400,,,,
,,POINT (16.47010751209834 48.20388305177846),,,95A,,,,
,,POINT (16.266837611005748 48.1356929031213),,,"253, 259, 60, 60A, N60, N61",,,,
,,POINT (16.452985632334993 48.1577677814368),,,"71B, 73A, N71",,,,
,,POINT (16.389762514548934 48.21094736724758),,,"1, N29, O",,,,
,,POINT (16.3679336239841 48.213132370883486),,,"1A, 2A, 3A",,,,
,,POINT (16.47036796207887 48.168846718178166),,,"73A, 79A, 79B",,,,
,,POINT (16.44057998728341 48.22618606301749),,,"93A, N90",,,,
,,POINT (16.351054309267564 48.21455697418287),,,"33, 43, 44, 5, N43",,,,
,,POINT (16.309399859119303 48.319452899975815),,,1,,,,
,,POINT (16.32279356945033 48.30246117241486),,,3,,,,
,,POINT (16.32406916216418 48.30103897827513),,,1,,,,
,,POINT (16.39305047632953 48.2662843012064),,,"26, 36A, 36B, N20",,,,
,,POINT (16.341729749407467 48.13906204012552),,,"67A, 67B",,,,
,,POINT (16.45755810711167 48.227670245341734),,,"25, 26A, 86A, 87A, 95A, 96A, N26",,,,
,,POINT (16.413181453317797 48.17734151283184),,,"71, N71",,,,
,,POINT (16.413145554202448 48.17773691149686),,,"76A, 76B",,,,
,,POINT (16.28240533467188 48.1357468929131),,,66A,,,,
,,POINT (16.3242936308178 48.20772672352638),,,"48A, 9",,,,
,,POINT (16.336923866101504 48.20624802265365),,,48A,,,,
,,POINT (16.338747429811416 48.18592481821736),,,"12A, N60",,,,
,,POINT (16.274688873953156 48.13698189198224),,,"60A, N61",,,,
,,POINT (16.366765757987775 48.160925820269966),,,"66A, N66",,,,
,,POINT (16.32406009112662 48.17838386333378),,,"63A, 9A",,,,
,,POINT (16.281039970475348 48.22802935339267),,,44A,,,,
,,POINT (16.3554561236198 48.24085794580944),,,37,,,,
,,POINT (16.449940448096115 48.231057233847096),,,"25, 26A, 94A, N26, N90",,,,
,,POINT (16.242111427945535 48.13132237261023),,,"249, 255",,,,
,,POINT (16.369209218606223 48.213724966572684),,,2A,,,,
,,POINT (16.44390379667902 48.24433377478645),,,94A,,,,
,,POINT (16.37030511806465 48.21666995216471),,,3A,,,,
,,POINT (16.373503103040978 48.21732234689395),,,N31,,,,
,,POINT (16.3268401293456 48.13842055631516),,,303,,,,
,,POINT (16.361914954800145 48.21401227033251),,,"37, 38, 40, 41, 42",,,,
,,POINT (16.36266955130356 48.21345557206567),,,"1A, N41, N43",,,,
,,POINT (16.27525018042755 48.138060908315865),,,"250, 253, 259",,,,
,,POINT (16.37741077858926 48.21317426407742),,,"1, 2, 71",,,,
,,POINT (16.281219636176598 48.20466746486938),,,"47A, N46",,,,
,,POINT (16.367933590828446 48.188565887886185),,,13A,,,,
,,POINT (16.458725868972888 48.20441595627383),,,"93A, N91",,,,
,,POINT (16.360684299069703 48.24122894072061),,,"D, N36",,,,
,,POINT (16.424149903655906 48.17981539419868),,,"76A, 76B",,,,
,,POINT (16.396005777814675 48.20590668725825),,,"1, 4A, N29",,,,
,,POINT (16.35556388045949 48.209301196136636),,,2,,,,
,,POINT (16.3547822835679 48.20916949787113),,,2,,,,
,,POINT (16.427284979652487 48.17337582313542),,,72A,,,,
,,POINT (16.367457457632547 48.16292711079456),,,"66A, N66",,,,
,,POINT (16.499347520473716 48.24043905922196),,,95A,,,,
,,POINT (16.396032706556838 48.15473563134369),,,"68A, 68B, N68",,,,
,,POINT (16.50966495465472 48.377506538709135),,,"500, 501, 502, 505, 516",,,,
,,POINT (16.510176951233685 48.37653984207692),,,516,,,,
,,POINT (16.511344761351108 48.384326004134984),,,501,,,,
,,POINT (16.514848144419428 48.38445730049064),,,"500, 501, 505, 514, 515, 530",,,,
,,POINT (16.50317909987992 48.38349681582168),,,501,,,,
,,POINT (16.52080401548081 48.38417689534907),,,"514, 515",,,,
,,POINT (16.17574468754458 48.32938609182854),,,"406, 413, SV810",,,,
,,POINT (16.184494235894874 48.325438102579916),,,406,,,,
,,POINT (16.35166988606407 48.31139380660919),,,856,,,,
,,POINT (16.338244581461602 48.29349710547038),,,1,,,,
,,POINT (16.48901200249719 48.02968101689423),,,"221, 222, 226, 248",,,,
,,POINT (16.580594843473982 48.06978883718176),,,"221, 222, 248, 272",,,,
,,POINT (16.253937694365533 48.00795382147352),,,C,,,,
,,POINT (16.256722377620967 48.00567003045626),,,C,,,,
,,POINT (16.254440687627497 48.0044258373205),,,C,,,,
,,POINT (16.253281889855447 48.00230414835514),,,C,,,,
,,POINT (16.246427824311997 48.003536346986294),,,C,,,,
,,POINT (16.21277228800562 48.001408621498335),,,308,,,,
,,POINT (16.212651289590973 48.003921066651394),,,A,,,,
,,POINT (16.215799672403282 48.000951821011526),,,"308, A",,,,
,,POINT (16.42040807642866 48.093866377454574),,,"217, 226, 227",,,,
,,POINT (16.466392699198735 48.11574932825024),,,218,,,,
,,POINT (16.329202590621236 48.079614634183116),,,214,,,,
,,POINT (16.17393882369726 48.20532018648261),,,452,,,,
,,POINT (16.396068702319795 48.224330899858536),,,82A,,,,
,,POINT (16.281174643894232 48.13770718452911),,,"66A, N66",,,,
,,POINT (16.32690768034884 48.181127248438386),,,"7A, 9A",,,,
,,POINT (16.261447746483224 48.143018372069925),,,"60A, N60, N61",,,,
,,POINT (16.28366294425915 48.14744183639739),,,"56A, 58B, 60A, 66A, N66",,,,
,,POINT (16.37106871063135 48.21446726261081),,,"2A, 3A",,,,
,,POINT (16.386402844065262 48.2205305236282),,,"2, 5B, 71",,,,
,,POINT (16.394896166819876 48.12419305759518),,,"226, 227, 266",,,,
,,POINT (16.327204193578673 48.19129679986366),,,"18, 49, 5, 52, 60, N54",,,,
,,POINT (16.41798756261768 48.27226375781189),,,"30A, 31A, 32A",,,,
,,POINT (16.28448944760268 48.15259021185466),,,"56A, 58B",,,,
,,POINT (16.383285852848875 48.28768750568069),,,"26, 32A, 850, N20, SV903",,,,
,,POINT (16.45474645111334 48.25030983953144),,,"24A, N24",,,,
,,POINT (16.305725529893706 48.21350950779252),,,"10, 33, 44, 45A, 46, 46A, 46B, N46",,,,
,,POINT (16.303605472784728 48.16561743739809),,,63A,,,,
,,POINT (16.277675791834096 48.24017001877622),,,"43B, 445",,,,
,,POINT (16.3417658718547 48.22664102207972),,,"40, 41, N41",,,,
,,POINT (16.453695391322018 48.27477492353443),,,"29A, 29B, N25",,,,
,,POINT (16.31021710241572 48.20998362135006),,,"45A, 46A, 46B, 48A",,,,
,,POINT (16.309812904364673 48.210223120567036),,,"45A, 46A, 48A",,,,
,,POINT (16.359390563885817 48.139511626684666),,,"67B, N67",,,,
,,POINT (16.342286750422243 48.14116602963496),,,67A,,,,
,,POINT (16.3985391209082 48.24613449443735),,,20A,,,,
,,POINT (16.30381203791045 48.141022254360834),,,61A,,,,
,,POINT (16.35465197356346 48.17516105387271),,,"209, 303, 309, N62",,,,
,,POINT (16.301745966456867 48.15417229293786),,,"62A, 64A, N65",,,,
,,POINT (16.401727974033893 48.15191284155389),,,68A,,,,
,,POINT (16.39564648658143 48.21150416153166),,,80A,,,,
,,POINT (16.396401083725166 48.21219855696921),,,80A,,,,
,,POINT (16.34459545703562 48.22619812290674),,,"40, 41, N41",,,,
,,POINT (16.41847257892789 48.21364113658945),,,"11A, N81",,,,
,,POINT (16.316689124863707 48.067604003609645),,,"263, 301",,,,
,,POINT (16.357041267516646 48.085813877489485),,,"200, 210",,,,
,,POINT (16.14797758206112 48.174202760176904),,,"253, 453, 458",,,,
,,POINT (16.516698732467535 48.3826257074765),,,"501, 514, 515",,,,
,,POINT (16.372105945872068 48.109451849812025),,,266,,,,
,,POINT (16.28029856887029 48.09795229419148),,,"206, 207, 259, 261, 262, 268, 269",,,,
,,POINT (16.265072229907958 48.09209043720371),,,"206, 262",,,,
,,POINT (16.310365023764156 48.09858816222242),,,"269, 270, 303, SEV 206, WLB",,,,
,,POINT (16.413607907684355 48.09299638832021),,,"215, 217",,,,
,,POINT (16.42407327234543 48.100495841969405),,,217,,,,
,,POINT (16.42931035041559 48.10202563013237),,,217,,,,
,,POINT (16.327944982462576 48.073300565327635),,,"219, 301, B99",,,,
,,POINT (16.631287021526397 48.26749794560324),,,"540, 551, 554",,,,
,,POINT (16.634610699471736 48.265052253572705),,,"540, 551",,,,
,,POINT (16.418198299184144 48.099361952881054),,,"226, 227",,,,
,,POINT (16.418970794619465 48.099098053973826),,,"215, 217",,,,
,,POINT (16.182113455267277 48.2378966222441),,,"450, 458",,,,
,,POINT (16.190638032842703 48.0184281616056),,,"306, 308",,,,
,,POINT (16.17901391721608 48.031297311709636),,,308,,,,
,,POINT (16.175735047651767 48.03789278386528),,,308,,,,
,,POINT (16.173902455316373 48.03709998904668),,,308,,,,
,,POINT (16.28337083534707 48.1351234137138),,,"207, 250, 253, 255, 256, 257, 258, 259, 60A, 61A, 61B, 62A, 64A, 66A, N61, N65, N66, R 21222, REX1, REX3, S1, S2, S3, S4, SV510",,,,
,,POINT (16.28172693554087 48.131999830188924),,,"207, 61B",,,,
,,POINT (16.281304739263707 48.13249752844637),,,"207, 255, 256, 257, 258, 61B",,,,
,,POINT (16.28144853894076 48.13247352899639),,,"255, 256, 257, 258",,,,
,,POINT (16.29003199433215 48.13402629623083),,,61A,,,,
,,POINT (16.293607276264506 48.13360659631887),,,61A,,,,
,,POINT (16.334121176735543 48.20403283527836),,,48A,,,,
,,POINT (16.280680549651635 48.1405966711578),,,"66A, N66",,,,
,,POINT (16.414389494222707 48.134679688305944),,,"266, 70A, N17",,,,
,,POINT (16.30624651978351 48.13650827454673),,,64A,,,,
,,POINT (16.383447527558676 48.27023678824189),,,34A,,,,
,,POINT (16.29071480082503 48.21243802174548),,,"46A, 46B, 51A",,,,
,,POINT (16.43433674813055 48.247857264139675),,,27A,,,,
,,POINT (16.29177480942638 48.221643777780685),,,"44B, 46A, 46B",,,,
,,POINT (16.348727636553015 48.15395656455505),,,"11, N65",,,,
,,POINT (16.354773310337393 48.156323650033386),,,"11, N65",,,,
,,POINT (16.312193377861625 48.19962616931561),,,"10, N49",,,,
,,POINT (16.318041363841782 48.20924732038335),,,"10A, 48A",,,,
,,POINT (16.47217364419297 48.234456004005445),,,"22A, 95B",,,,
,,POINT (16.434615185425667 48.20325447654122),,,"77A, 79A, 79B, N81",,,,
,,POINT (16.369757202228964 48.20369161412934),,,2A,,,,
,,POINT (16.378794137642647 48.18857188137455),,,13A,,,,
,,POINT (16.2435668883953 48.20813990446956),,,"450, 49A, 50B",,,,
,,POINT (16.297937213726467 48.175532493643374),,,"56A, 56B, 58A, 58B, 8A",,,,
,,POINT (16.302168231406323 48.20235046295945),,,51A,,,,
,,POINT (16.28273786251031 48.22866974934622),,,44A,,,,
,,POINT (16.368212172577767 48.24876060049869),,,"11A, 5B",,,,
,,POINT (16.203574077592673 48.2052243579306),,,"451, 453",,,,
,,POINT (16.442376743491355 48.27316653836385),,,"29A, 29B, N25",,,,
,,POINT (16.240454356894546 48.21974651813682),,,52A,,,,
,,POINT (16.335800930267318 48.17626336622522),,,62,,,,
,,POINT (16.474751834540598 48.23635269330993),,,"95A, 95B, N23, N24",,,,
,,POINT (16.366828774030285 48.24497991956633),,,"11A, 5B",,,,
,,POINT (16.311393812685072 48.14985120762257),,,"60A, 64A, 66A, N66",,,,
,,POINT (16.15751742508639 48.07835440845678),,,"251, 252, 264",,,,
,,POINT (16.497798112432847 48.330711572452245),,,513,,,,
,,POINT (16.482463994560696 48.334014171618776),,,"502, 513",,,,
,,POINT (16.162637789910086 48.073834924746805),,,"251, 252, 255, 264",,,,
,,POINT (16.21038350207388 48.32276819007052),,,"403, 404, 405, 406, 411",,,,
,,POINT (16.49954080616723 48.33194786568176),,,513,,,,
,,POINT (16.147366868097475 48.25781646119685),,,449,,,,
,,POINT (16.479714688542035 48.140638396792426),,,"217, 218, 266, 272, 279, 71A",,,,
,,POINT (16.192075448179107 48.07440509358603),,,264,,,,
,,POINT (16.25666459778119 48.378025881298484),,,"830, SV903",,,,
,,POINT (16.174792485878022 48.32654310709939),,,441,,,,
,,POINT (16.462799407212838 48.111041254372395),,,218,,,,
,,POINT (16.162018593320116 48.392719803073625),,,"841, 842",,,,
,,POINT (16.513491733458245 48.375967041733766),,,516,,,,
,,POINT (16.511623228771928 48.37001767195587),,,516,,,,
,,POINT (16.209696343496365 48.3878639356242),,,1,,,,
,,POINT (16.192632705588622 48.23909320688233),,,"450, 458",,,,
,,POINT (16.31570094214834 48.07328857758176),,,"209, 219, 301, 309",,,,
,,POINT (16.316832833653965 48.071613884857285),,,"209, 219, 301, 309",,,,
,,POINT (16.32657949710884 48.07667975093153),,,"209, 219, 301, 309",,,,
,,POINT (16.51856722848087 48.38531039259838),,,"514, 515",,,,
,,POINT (16.515566846773694 48.38711798700277),,,514,,,,
,,POINT (16.39300545477311 48.179432015441584),,,69A,,,,
,,POINT (16.25895946158784 48.14501436389824),,,"60A, N61",,,,
,,POINT (16.432072950154858 48.16962553838513),,,69A,,,,
,,POINT (16.319361883868424 48.15676716995083),,,"64B, N8",,,,
,,POINT (16.39848049095781 48.14319206339108),,,"17A, 226, 227, 266, 68B, 70A, N68",,,,
,,POINT (16.427698280057054 48.24751626995717),,,"27A, 27B",,,,
,,POINT (16.260432675746937 48.160326689897474),,,56A,,,,
,,POINT (16.292062243294836 48.17534679786186),,,"56A, 56B, 8A",,,,
,,POINT (16.41942486581457 48.279844720182844),,,"36A, 36B",,,,
,,POINT (16.37460807586434 48.20181161997513),,,"1, 2, 2A, 71, D, N25, N38, N60, N66, N71, N75, U2Z",,,,
,,POINT (16.3740869763524 48.20002732910412),,,"4A, N71, N75",,,,
,,POINT (16.328713231081878 48.152278485691376),,,"65A, 66A, 67B, N66",,,,
,,POINT (16.373539186210813 48.27707676190409),,,34A,,,,
,,POINT (16.35949847153061 48.21710695728412),,,"37, 38, 40, 41, 42, N41",,,,
,,POINT (16.38655562683161 48.207912284039125),,,"1, O, SV907",,,,
,,POINT (16.29069679594451 48.20873853951326),,,51A,,,,
,,POINT (16.390050027061505 48.22042872162548),,,"2, 5, 71, O",,,,
,,POINT (16.522164557595193 48.20323042272535),,,88B,,,,
,,POINT (16.469784053918808 48.160170760149725),,,"11, 71, 71B, 76B, 79A, 79B, N71",,,,
,,POINT (16.403093500285483 48.2470676872973),,,20B,,,,
,,POINT (16.441604065233008 48.21342562368998),,,"92A, 93A, N91",,,,
,,POINT (16.503376666801866 48.36866898670322),,,516,,,,
,,POINT (16.31153279013006 48.0860719203858),,,214,,,,
,,POINT (16.30965539902917 48.085441825523425),,,214,,,,
,,POINT (16.265314741099434 48.09737031193074),,,"258, 260, 261",,,,
,,POINT (16.29687237813383 48.09321850063893),,,214,,,,
,,POINT (16.280181782117214 48.103939366144246),,,212,,,,
,,POINT (16.373094139980406 48.10907995086184),,,266,,,,
,,POINT (16.20493082794263 48.322260497554346),,,"406, 413",,,,
,,POINT (16.265809298052456 48.30764780808638),,,"400, 404, 406",,,,
,,POINT (16.16986043566467 48.20219490489977),,,"451, 452, 453, 458",,,,
,,POINT (16.295740528952603 48.114298201257306),,,269,,,,
,,POINT (16.300807005668517 48.11472399473819),,,269,,,,
,,POINT (16.29267734387727 48.11414820499694),,,269,,,,
,,POINT (16.310427907349094 48.09101039838686),,,214,,,,
,,POINT (16.351462649155117 48.06439828516142),,,"210, 216, 329",,,,
,,POINT (16.465287600064926 48.02121588006943),,,"221, 226",,,,
,,POINT (16.3053214815028 48.32123299349442),,,1,,,,
,,POINT (16.307387571002387 48.32050419630812),,,1,,,,
,,POINT (16.366159178537476 48.11086734901162),,,"266, 268",,,,
,,POINT (16.61473984195233 48.146656437367426),,,553,,,,
,,POINT (16.64751056465293 48.32470895752235),,,523,,,,
,,POINT (16.507266349606443 48.36974907769013),,,516,,,,
,,POINT (16.154104161598216 48.224438814314155),,,"447, 448",,,,
,,POINT (16.618387284234583 48.3137714378232),,,523,,,,
,,POINT (16.332005238417416 48.06202091527152),,,"209, 219, 301, 309",,,,
,,POINT (16.319887218232953 48.11741676249834),,,"207, B99",,,,
,,POINT (16.555397245544437 48.06056180533692),,,"221, 222, 227, 272",,,,
,,POINT (16.161838672476993 48.246439801366584),,,"451, 458",,,,
,,POINT (16.501997511490938 48.17078178948188),,,92B,,,,
,,POINT (16.461510728362864 48.2573736012356),,,"27A, N25",,,,
,,POINT (16.27662024180361 48.19199152878889),,,"47A, 54A, 54B, N54",,,,
,,POINT (16.288140902562734 48.13085472988186),,,"207, 61B",,,,
,,POINT (16.42307204442767 48.2774234298188),,,"36A, 36B",,,,
,,POINT (16.289672719534405 48.15049851799522),,,"56A, 58A, 58B",,,,
,,POINT (16.285369753402442 48.15933197872484),,,"58A, 58B",,,,
,,POINT (16.397470103146787 48.229250075560216),,,11B,,,,
,,POINT (16.491505258138382 48.24025966516928),,,"95A, 97A, N24",,,,
,,POINT (16.31570574824521 48.19027271176475),,,"10, 49, 52, 60, N54",,,,
,,POINT (16.47451819260864 48.205361841768536),,,95A,,,,
,,POINT (16.39649094165486 48.25412005773552),,,"30, 31, 33, 33A, 34A, N29, N31",,,,
,,POINT (16.336780183021695 48.217537869190984),,,"43, N43",,,,
,,POINT (16.379108534553975 48.187404086702436),,,13A,,,,
,,POINT (16.485872803774274 48.18103125039494),,,92B,,,,
,,POINT (16.457126815248188 48.16023066709653),,,"71B, 73A, N71",,,,
,,POINT (16.341622030490132 48.19666826570103),,,5,,,,
,,POINT (16.275488426410725 48.17746139882783),,,"54A, 54B",,,,
,,POINT (16.419514671388864 48.28404119999853),,,32A,,,,
,,POINT (16.375677110640463 48.23060248261667),,,"1, 2, 5, 5A",,,,
,,POINT (16.365157772949928 48.166060796512184),,,"11, 15A, N65, O",,,,
,,POINT (16.38831634511627 48.228077186920174),,,"2, N29",,,,
,,POINT (16.314412286110223 48.21332390308066),,,"33, 44",,,,
,,POINT (16.404966248029975 48.13824068039589),,,"17A, 266",,,,
,,POINT (16.385675207208187 48.191332663596825),,,O,,,,
,,POINT (16.35743235626594 48.19864424602291),,,57A,,,,
,,POINT (16.257073001845324 48.16693555980251),,,"56B, N62",,,,
,,POINT (16.33686987561369 48.14055463629483),,,67A,,,,
,,POINT (16.178367578280454 48.240487213515124),,,"450, 458",,,,
,,POINT (16.172932808015418 48.24160601356687),,,"450, 458",,,,
,,POINT (16.16787534142634 48.245943298005216),,,"107, 449, 450, 451, 458",,,,
,,POINT (16.111883194887223 48.05438996784571),,,"265, 308",,,,
,,POINT (16.416069318730788 48.103411336360324),,,"217, 226, 227",,,,
,,POINT (16.47822402085589 48.382715243583),,,501,,,,
,,POINT (16.4543371453703 48.01731030948225),,,"226, 246",,,,
,,POINT (16.462080612194057 48.01928719207142),,,"226, 246",,,,
,,POINT (16.453663437704588 48.012424833137906),,,226,,,,
,,POINT (16.46167631727133 48.021113784084754),,,"221, 226, 246",,,,
,,POINT (16.462763321479226 48.024934965278504),,,"221, 226, 246",,,,
,,POINT (16.150592010428213 48.32961901549043),,,406,,,,
,,POINT (16.159458270591696 48.33089110071164),,,406,,,,
,,POINT (16.154526596478 48.33206760006188),,,"406, 413",,,,
,,POINT (16.28592264502486 48.37428457066445),,,830,,,,
,,POINT (16.262081469253722 48.377136780087284),,,830,,,,
,,POINT (16.31067043772108 48.10576892768059),,,270,,,,
,,POINT (16.208712734866555 48.33348294022659),,,"403, 405, 406, 411, 413, 415, R40, REX4, S40, SV810",,,,
,,POINT (16.211290801806616 48.32432118136028),,,"403, 405, 406, 411, 415",,,,
,,POINT (16.196828069947777 48.32305490142435),,,406,,,,
,,POINT (16.379944143989416 48.269411694991774),,,34A,,,,
,,POINT (16.333752841187348 48.176814465518106),,,9A,,,,
,,POINT (16.326494477020567 48.177071968309136),,,"7A, 9A",,,,
,,POINT (16.41894433036125 48.29973619710809),,,510,,,,
,,POINT (16.391828688177576 48.19916512217064),,,4A,,,,
,,POINT (16.41138489541997 48.20119490074256),,,80A,,,,
,,POINT (16.299158916198465 48.180929567056126),,,"56A, 56B, 58A, 58B",,,,
,,POINT (16.46569674339896 48.210498422812734),,,95A,,,,
,,POINT (16.382845446703993 48.13789302012984),,,16A,,,,
,,POINT (16.34334673609346 48.135369157137916),,,67B,,,,
,,POINT (16.401880830728615 48.264699703781666),,,"30, 31, N31",,,,
,,POINT (16.27961163801389 48.20011118790853),,,47A,,,,
,,POINT (16.43937617905911 48.14379745705989),,,ZF,,,,
,,POINT (16.436025497944254 48.145409850996614),,,ZF,,,,
,,POINT (16.43395940931856 48.146434847520624),,,ZF,,,,
,,POINT (16.43019543020226 48.148448740485755),,,ZF,,,,
,,POINT (16.432845420231086 48.15055242885376),,,ZF,,,,
,,POINT (16.434956512428034 48.152452218528985),,,ZF,,,,
,,POINT (16.437705303222216 48.15475950560371),,,ZF,,,,
,,POINT (16.308680980670463 48.18942832064106),,,N54,,,,
,,POINT (16.29575424836083 48.192105215983624),,,N54,,,,
,,POINT (16.39376000767429 48.21954292419214),,,N25,,,,
,,POINT (16.315481212940213 48.164401135557895),,,"16A, 64B",,,,
,,POINT (16.434175086908624 48.27564783105393),,,36B,,,,
,,POINT (16.409521044922734 48.28493777669254),,,"30A, 32A, 501",,,,
,,POINT (16.410810121031492 48.289414880507124),,,30A,,,,
,,POINT (16.4133882148516 48.294351654905),,,30A,,,,
,,POINT (16.415768810426872 48.29894743183897),,,30A,,,,
,,POINT (16.351278799222033 48.13672404585395),,,"17A, N67",,,,
,,POINT (16.35413548757865 48.13854043529714),,,"17A, N67",,,,
,,POINT (16.40841162078878 48.28130332070211),,,"30A, 32A",,,,
,,POINT (16.41427761315666 48.29590554731366),,,30A,,,,
,,POINT (16.288864211828056 48.14220915865842),,,60A,,,,
,,POINT (16.477572495507133 48.2178490804849),,,"25, N26",,,,
,,POINT (16.480932177277047 48.21724448075556),,,"25, 93A, 97A, 98A, N26",,,,
,,POINT (16.317861652129206 48.12880410374346),,,61A,,,,
,,POINT (16.42653951675483 48.26975246442129),,,"28A, 29B",,,,
,,POINT (16.39319411658342 48.224576300112176),,,O,,,,
,,POINT (16.392592225768375 48.22851408229377),,,O,,,,
,,POINT (16.340301573396353 48.222703042196414),,,"40, 41, 42, 42E",,,,
,,POINT (16.336959890725293 48.2238462387047),,,"40, 41, 42, 42E",,,,
,,POINT (16.295808102677054 48.159319972600116),,,63A,,,,
,,POINT (16.40269834489348 48.277758240497484),,,"30A, 31A, 32A",,,,
,,POINT (16.529387035512045 48.212737172197485),,,"26A, 88A, 88B, 99A, 99B, N26",,,,
,,POINT (16.455923183510397 48.20496075474355),,,"93A, N91",,,,
,,POINT (16.317241863253127 48.20630793495989),,,"10A, 12A, 48A",,,,
,,POINT (16.318984645224468 48.19948246632666),,,10A,,,,
,,POINT (16.373709736257446 48.24203062888616),,,"37A, N8",,,,
,,POINT (16.300497368032534 48.1517212058297),,,"62A, 64A, N65",,,,
,,POINT (16.262543648844527 48.148155146476654),,,N60,,,,
,,POINT (16.306039941819723 48.15229649952778),,,64A,,,,
,,POINT (16.42071838676704 48.22814896584361),,,"92A, 92B, N90",,,,
,,POINT (16.326018455259184 48.231649708130384),,,"40, 9",,,,
,,POINT (16.37684028515236 48.18431358797819),,,"69A, VAL 1",,,,
,,POINT (16.495767806438703 48.277285829632696),,,"25A, 25B, 511, 520",,,,
,,POINT (16.46212149673856 48.236394601599024),,,"22A, 86A, 87A, 95A, N23, N24",,,,
,,POINT (16.284219945775046 48.150073023603184),,,"56A, 58B, 60A",,,,
,,POINT (16.30948039754361 48.13209579339622),,,N64,,,,
,,POINT (16.378219236757825 48.1856551953835),,,69A,,,,
,,POINT (16.46505895424805 48.21644249485086),,,92A,,,,
,,POINT (16.377608382710587 48.21699314631781),,,5A,,,,
,,POINT (16.53869351754772 48.233372868484395),,,99A,,,,
,,POINT (16.422901334311515 48.2698840659385),,,"28A, 29B, 31A",,,,
,,POINT (16.315912313864757 48.166636025000905),,,"16A, 64B",,,,
,,POINT (16.293616368515192 48.198722085733266),,,51A,,,,
,,POINT (16.475344536467965 48.167372822267076),,,"73A, 76B, 79A, 79B",,,,
,,POINT (16.23331713443967 48.20620022346486),,,"450, 451, 453, 50A, N49",,,,
,,POINT (16.456924909281568 48.28352103762563),,,510,,,,
,,POINT (16.329638537849984 48.160512345827634),,,"16A, N65",,,,
,,POINT (16.45281958927286 48.26522582886287),,,"28A, 520, U1",,,,
,,POINT (16.276269897610444 48.15958958317937),,,"60, N60",,,,
,,POINT (16.321401101982392 48.24912552758222),,,39B,,,,
,,POINT (16.499257718507685 48.2391707649567),,,"95A, 97A",,,,
,,POINT (16.44059792045747 48.17734749623769),,,"76A, 76B",,,,
,,POINT (16.492996430982547 48.22575523320977),,,"84A, N84",,,,
,,POINT (16.40628709853619 48.30228189687467),,,"501, 510",,,,
,,POINT (16.409188630415695 48.27769241096109),,,501,,,,
,,POINT (16.512408939439975 48.22867550687448),,,"84A, 89A, 99A, 99B, N84",,,,
,,POINT (16.511869946244275 48.23143419413924),,,"84A, 89A, 99A, 99B, N84",,,,
,,POINT (16.397110688325377 48.14530797588908),,,"17A, 68B, 70A, N68",,,,
,,POINT (16.295026576067315 48.137629275900395),,,64A,,,,
,,POINT (16.425991501252316 48.256249229007146),,,27B,,,,
,,POINT (16.426386800495898 48.25763082249188),,,27B,,,,
,,POINT (16.468778062252092 48.23526370220528),,,22A,,,,
,,POINT (16.471571744635995 48.23275661234415),,,22A,,,,
,,POINT (16.299212784772887 48.15845107438787),,,63A,,,,
,,POINT (16.452217725715716 48.280352756726096),,,510,,,,
,,POINT (16.45727519961412 48.27952775579014),,,510,,,,
,,POINT (16.407872543168974 48.223463096369116),,,11A,,,,
,,POINT (16.265939339656523 48.153710917674765),,,"56A, 60A",,,,
,,POINT (16.410554071781544 48.29980790419483),,,"501, 510",,,,
,,POINT (16.406080495537484 48.300441405658894),,,510,,,,
,,POINT (16.423619921699224 48.26347969634327),,,"29B, N30",,,,
,,POINT (16.486618504450792 48.25680548903755),,,"28A, 85A",,,,
,,POINT (16.45289588642773 48.26862835310509),,,"29B, N25",,,,
,,POINT (16.296239372792105 48.21168972226571),,,"46A, 46B",,,,
,,POINT (16.32105966777278 48.15194289136085),,,"64A, 64B, 66A, 67B, N64, N66, N8",,,,
,,POINT (16.3646727385954 48.21176157886553),,,1A,,,,
,,POINT (16.352392699257905 48.140788425666074),,,"17A, N67",,,,
,,POINT (16.350676927966855 48.155119158188654),,,11,,,,
,,POINT (16.333204836130054 48.17147679104325),,,"15A, 7A, N62",,,,
,,POINT (16.346940155490074 48.233133687792524),,,"35A, 37A, 40A, N35",,,,
,,POINT (16.371320246965457 48.24074433647678),,,37A,,,,
,,POINT (16.487094547747184 48.217142777554436),,,92A,,,,
,,POINT (16.375461574202607 48.27476897199533),,,34A,,,,
,,POINT (16.32859653835737 48.1570607626252),,,"16A, N65",,,,
,,POINT (16.227967814451716 48.21656234165209),,,49A,,,,
,,POINT (16.3340313375812 48.17490947396509),,,"59A, 62A, 8A",,,,
,,POINT (16.33756165702774 48.20144034536817),,,"18, 49, 6, 9, N49, N8",,,,
,,POINT (16.390085849835685 48.16515008595483),,,"68A, 68B, N68",,,,
,,POINT (16.264699649578073 48.156281806733915),,,56A,,,,
,,POINT (16.24875915417921 48.20377552048486),,,"450, 451, 49A, 50A, N49",,,,
,,POINT (16.264367245087744 48.1518290281427),,,"56A, 60A, N60, N61",,,,
,,POINT (16.468741954578345 48.15724647481591),,,"11, 71, 71B, 79A, 79B, N71",,,,
,,POINT (16.420255820011178 48.297955403910464),,,"150, 151, 30, 31, 500, 501, 502, 505, 510, G3, N31",,,,
,,POINT (16.43644343781914 48.296329796144626),,,510,,,,
,,POINT (16.410347478069372 48.30200699426596),,,"501, 510",,,,
,,POINT (16.239811914489284 48.2112527935865),,,"450, 49A, 50B",,,,
,,POINT (16.35463852779002 48.168415392018524),,,"1, 15A, 65A",,,,
,,POINT (16.438621723919574 48.245147373686784),,,"22A, 94A, N25",,,,
,,POINT (16.40281515203595 48.283664612808046),,,"30A, 32A",,,,
,,POINT (16.406866406694533 48.19329084079535),,,80A,,,,
,,POINT (16.43860370737221 48.233654228938775),,,93A,,,,
,,POINT (16.385863837611925 48.14210119786019),,,"17A, N17",,,,
,,POINT (16.460809909289296 48.16883472440243),,,76B,,,,
,,POINT (16.321661613614577 48.18685312497485),,,57A,,,,
,,POINT (16.37774316518638 48.20460160484664),,,"1, 2, 71",,,,
,,POINT (16.331749625165134 48.230034012198104),,,"40, 41, N41",,,,
,,POINT (16.410944681010584 48.18928455734104),,,80A,,,,
,,POINT (16.344110350940888 48.148346894848686),,,"66A, 67A, 67B, N66",,,,
,,POINT (16.35001233448298 48.228968906405726),,,"37A, 40, 40A, 41, 42",,,,
,,POINT (16.332917461592356 48.188206611137055),,,"12A, 57A, N8",,,,
,,POINT (16.354872173670948 48.20250012954218),,,"49, N49",,,,
,,POINT (16.260738102670544 48.18051629313367),,,"54A, 54B",,,,
,,POINT (16.293230052859894 48.18694294198381),,,"10, N54",,,,
,,POINT (16.301764078147034 48.234946707882735),,,42A,,,,
,,POINT (16.48854084500767 48.22018926220257),,,97A,,,,
,,POINT (16.394065508874572 48.22179931291444),,,82A,,,,
,,POINT (16.45840252168489 48.2419946771474),,,"22A, 26E, 87A",,,,
,,POINT (16.500470429194802 48.2512967062642),,,"24A, N24",,,,
,,POINT (16.501593325236684 48.25258869947142),,,"24A, 28A, 89A, 97A",,,,
,,POINT (16.473628980112654 48.26538135612074),,,"27A, 87A",,,,
,,POINT (16.378497713418497 48.170248668363236),,,7A,,,,
,,POINT (16.421948999595376 48.16924814667326),,,"69A, 72A, 73A",,,,
,,POINT (16.414457043753153 48.17489742364379),,,"11, N6",,,,
,,POINT (16.278641468136247 48.21808860302325),,,"46A, 46B",,,,
,,POINT (16.309705108957264 48.21294080819515),,,"45A, 46A, 46B",,,,
,,POINT (16.346329165872085 48.16657010570112),,,"65A, 7B",,,,
,,POINT (16.344739174718878 48.1678522009247),,,7B,,,,
,,POINT (16.418104389553573 48.29299505865462),,,"30, 31, N31",,,,
,,POINT (16.349850501801406 48.13302506384073),,,67B,,,,
,,POINT (16.339421256879287 48.208205611693025),,,5,,,,
,,POINT (16.339340358731224 48.208672609915574),,,5,,,,
,,POINT (16.34835041505379 48.20966039945948),,,"13A, 2, N71",,,,
,,POINT (16.34720943890517 48.150174883929296),,,16A,,,,
,,POINT (16.301907718322656 48.191829812957025),,,51A,,,,
,,POINT (16.241635501846417 48.20945090056639),,,"450, 49A, 50B",,,,
,,POINT (16.25997008716393 48.24426211633094),,,445,,,,
,,POINT (16.270426435479607 48.24385530828073),,,445,,,,
,,POINT (16.263626272326196 48.24563210608875),,,445,,,,
,,POINT (16.338774442977176 48.19550657247474),,,"18, 49, 5, 52, 60, N54",,,,
,,POINT (16.379090769681568 48.28513512032261),,,34A,,,,
,,POINT (16.448152811545786 48.26996774976013),,,"28A, 29A, 29B, N25",,,,
,,POINT (16.447515014372627 48.27019494952717),,,"28A, 29A, 29B",,,,
,,POINT (16.449473386615157 48.257074610451596),,,"25A, 27A, N25, U1",,,,
,,POINT (16.34811684477446 48.23023150108396),,,"35A, 37A, N35",,,,
,,POINT (16.42836285893048 48.162609573589776),,,"11, 69A, 71, N71",,,,
,,POINT (16.31467273202965 48.174705787155816),,,"63A, 8A",,,,
,,POINT (16.391648918083824 48.14783736733702),,,19A,,,,
,,POINT (16.476009395714655 48.21315620312221),,,92A,,,,
,,POINT (16.471239321239768 48.21420380125879),,,92A,,,,
,,POINT (16.48386066064233 48.214999889674495),,,98A,,,,
,,POINT (16.489528930905955 48.21364109316865),,,98A,,,,
,,POINT (16.495772198876676 48.212198495729524),,,98A,,,,
,,POINT (16.49756888695317 48.210707902027885),,,98A,,,,
,,POINT (16.500254774516545 48.2102948025563),,,98A,,,,
,,POINT (16.50017397212283 48.209187307317976),,,98A,,,,
,,POINT (16.503470757184186 48.20983990206491),,,98A,,,,
,,POINT (16.503291056744683 48.20873840744557),,,98A,,,,
,,POINT (16.507270636435145 48.20813370815762),,,98A,,,,
,,POINT (16.51056741892092 48.207127910655025),,,98A,,,,
,,POINT (16.51057642067251 48.2084809040906),,,98A,,,,
,,POINT (16.506659740705132 48.20939090241744),,,98A,,,,
,,POINT (16.518122180236556 48.20611621106466),,,"88B, 98A",,,,
,,POINT (16.484642165426724 48.22100326032451),,,97A,,,,
,,POINT (16.338356600884143 48.196853865783105),,,"N54, VAL 1",,,,
,,POINT (16.455303217516697 48.15484339393463),,,"11, 71",,,,
,,POINT (16.459354597528574 48.15513109016864),,,"11, 71",,,,
,,POINT (16.466451261801474 48.15465168865281),,,"11, 71, 71B, N71",,,,
,,POINT (16.450910679147103 48.25664401134458),,,"27A, N25",,,,
,,POINT (16.453875062935648 48.25572891446535),,,"27A, N25",,,,
,,POINT (16.45645325037015 48.25492141668868),,,"27A, N25",,,,
,,POINT (16.21585855949279 48.206930595373194),,,"50A, 50B",,,,
,,POINT (16.21468623377838 48.209552726451435),,,"451, 453, 50A, N49, SV110",,,,
,,POINT (16.32108660588459 48.1788690633081),,,9A,,,,
,,POINT (16.43155209189787 48.269507362056615),,,"28A, 29B",,,,
,,POINT (16.420673551663953 48.27458954520172),,,"30A, 32A",,,,
,,POINT (16.448242699224394 48.26203848802028),,,"27A, N25",,,,
,,POINT (16.410055482299484 48.25888682639984),,,"28A, 29A, 29B, N30",,,,
,,POINT (16.38733711321827 48.2014224141849),,,O,,,,
,,POINT (16.52896483536821 48.21159387838879),,,88B,,,,
,,POINT (16.26128610294161 48.18228328443652),,,"54A, 54B",,,,
,,POINT (16.518131215064123 48.23102729221384),,,"89A, 99A, 99B",,,,
,,POINT (16.376359696432935 48.15093596170935),,,17A,,,,
,,POINT (16.328641467101857 48.17716186658302),,,9A,,,,
,,POINT (16.325883626859437 48.210540409026834),,,"46, 9, N46",,,,
,,POINT (16.445781331715512 48.27606032226652),,,"29A, 29B, N25",,,,
,,POINT (16.442736016650798 48.25432332780985),,,"31A, N25",,,,
,,POINT (16.46327138872282 48.235221806456316),,,95A,,,,
,,POINT (16.311124403535565 48.21367710315816),,,"33, 44",,,,
,,POINT (16.420740919471157 48.29878009943601),,,510,,,,
,,POINT (16.444038529911097 48.1968239007381),,,77A,,,,
,,POINT (16.340454219390395 48.18492452241719),,,12A,,,,
,,POINT (16.35625977772549 48.13462574501366),,,"120, 200, 210, 67B, N67",,,,
,,POINT (16.411483658758534 48.17459192745677),,,"11, N6",,,,
,,POINT (16.420394920774854 48.17910259999714),,,"76A, 76B",,,,
,,POINT (16.37061942812797 48.15344715367278),,,17A,,,,
,,POINT (16.247515005884924 48.207589072412226),,,"49A, 50B",,,,
,,POINT (16.34907802016733 48.21512567315293),,,"13A, 33, 43, 44, N43, N71",,,,
,,POINT (16.414106883508033 48.273997651457876),,,"30A, 31A, 32A",,,,
,,POINT (16.313208224968818 48.029882359643864),,,"R 7435, R95",,,,
,,POINT (16.304135277586532 48.03960141911447),,,"SEV , WLB",,,,
,,POINT (16.258510026651624 48.004086217336344),,,"SEV , WLB",,,,
,,POINT (16.15099155398824 48.33091202288012),,,"406, SV810",,,,
,,POINT (16.634579522519285 48.31866718226411),,,"REX1, S1, SV901",,,,
,,POINT (16.642295584670016 48.024096682534925),,,"S60, SV700",,,,
,,POINT (16.269729982460706 48.00780649258734),,,"SEV , WLB",,,,
,,POINT (16.126485462010823 48.1897968126637),,,SV110,,,,
,,POINT (16.31553492850131 48.11157816818306),,,"SEV , WLB",,,,
,,POINT (16.319020433083434 48.12553929902264),,,"266, 268, 303, 61A, 61B, SEV 207, WLB",,,,
,,POINT (16.175210042108386 48.326629728607095),,,"441, S40",,,,
,,POINT (16.334399599762857 48.14997407296994),,,"SEV , WLB",,,,
,,POINT (16.450227971904845 48.27750419163055),,,"29A, 29B, 32A, 36B, 510, CJX9, N25, R1, REX 24212, REX 24312, REX 27305, REX 27345, REX1, REX2, REX7, S1, S2, S3, S7, SV901, U1",,,,
,,POINT (16.44752386405925 48.16101566934508),,,"73A, N71",,,,
,,POINT (16.36987386360083 48.17611954565601),,,"1, 11, 18, 6",,,,
,,POINT (16.349742837070682 48.22987850177248),,,"40, 41, 42, 9, D, E4",,,,
,,POINT (16.342861752541417 48.216496370297804),,,43,,,,
,,POINT (16.366981359869744 48.163166809215284),,,66A,,,,
,,POINT (16.383348561507198 48.14979126318697),,,"16A, 17A, 19A, 67A, 67B, N17, N67",,,,
,,POINT (16.341083035981153 48.19854835726224),,,5,,,,
,,POINT (16.41656822711384 48.242168201882116),,,"20A, 20B",,,,
,,POINT (16.456381293668354 48.214365409462566),,,"92A, 96A",,,,
,,POINT (16.407324495700987 48.187164469543404),,,80A,,,,
,,POINT (16.298404307699265 48.172746906165266),,,"58A, 58B",,,,
,,POINT (16.388689168814125 48.29535574689506),,,"32A, 501, 510, 850",,,,
,,POINT (16.3146638313841 48.246541344450236),,,"35A, N35",,,,
,,POINT (16.35067700344738 48.209265299663414),,,"13A, N71",,,,
,,POINT (16.322721592584852 48.174951480624685),,,"63A, 8A",,,,
,,POINT (16.39224183225741 48.16044040673465),,,"68A, 68B, N68",,,,
,,POINT (16.525551304491717 48.24974149835508),,,"24A, N24",,,,
,,POINT (16.53409426653272 48.25290577781926),,,89A,,,,
,,POINT (16.48380679635174 48.2404630680618),,,"85A, 95A",,,,
,,POINT (16.42796779900247 48.26245109784808),,,29A,,,,
,,POINT (16.2862591985618 48.19477600869229),,,"47A, 52, 60",,,,
,,POINT (16.535792023945145 48.22722139934528),,,"99A, 99B",,,,
,,POINT (16.43313293113568 48.159199987416706),,,"11, 71, ZF",,,,
,,POINT (16.442331679568866 48.15444190413356),,,"11, 217, 218, 272, 71, ZF",,,,
,,POINT (16.330249413373156 48.1442891222643),,,65A,,,,
,,POINT (16.470188349192835 48.23085372264802),,,"22A, 95B",,,,
,,POINT (16.197995663115428 48.23151823742154),,,"450, 49B",,,,
,,POINT (16.331516120388674 48.22597073170145),,,"40, 41, 42, 9",,,,
,,POINT (16.255352561687786 48.13033916420266),,,"249, 255",,,,
,,POINT (16.344245109011595 48.19073979226769),,,57A,,,,
,,POINT (16.27620702562927 48.179360288956865),,,"54A, 54B",,,,
,,POINT (16.3972993872813 48.217974829008405),,,N81,,,,
,,POINT (16.28133641132666 48.18706874935355),,,"53A, 54B",,,,
,,POINT (16.282423306824203 48.187380146933336),,,"10, N54",,,,
,,POINT (16.280554915989494 48.187176548673335),,,"53A, 54A",,,,
,,POINT (16.28333066206253 48.23004004280498),,,44A,,,,
,,POINT (16.275784819686464 48.173022519865135),,,62,,,,
,,POINT (16.414322378951287 48.19945850723977),,,"77A, 80A",,,,
,,POINT (16.38466025195949 48.2913454871694),,,32A,,,,
,,POINT (16.35091063306925 48.230907696541244),,,"37, 38, D",,,,
,,POINT (16.347721561851895 48.16865509524371),,,"15A, 65A, 7B, N62",,,,
,,POINT (16.488208447219197 48.22052446040724),,,97A,,,,
,,POINT (16.48948404507524 48.223409246223234),,,97A,,,,
,,POINT (16.487579654867076 48.22385204526399),,,97A,,,,
,,POINT (16.492879736097436 48.22919621659872),,,97A,,,,
,,POINT (16.491190844434033 48.229525316087845),,,97A,,,,
,,POINT (16.44806301267876 48.270625446427566),,,"28A, 29A, 29B, N25, U1",,,,
,,POINT (16.380824370310183 48.21896833461542),,,"1, 2, 5B, 71, N29, U2, U2Z",,,,
,,POINT (16.405689645943884 48.217783224772056),,,"82A, N81, U2",,,,
,,POINT (16.41411580091994 48.214485135738435),,,"82A, U2, VAL 3",,,,
,,POINT (16.41975716820185 48.21107314822594),,,"11A, 77A, N81, U2, VAL 3",,,,
,,POINT (16.465606922568444 48.14644380807801),,,"171, 218, 279, 71B, REX7, S7",,,,
,,POINT (16.32630605762435 48.309759915075404),,,"1, 106, 2, 3, 400, 401, 402, 403, 404, 406, 413, S40, SV810",,,,
,,POINT (16.334768103844763 48.29724136891202),,,"1, 2, 400, 401, 413, S40, SV810",,,,
,,POINT (16.29754172355535 48.05198486362311),,,"R 21222, S1, S2, S3, S4, SV510",,,,
,,POINT (16.325263592058334 48.04451428211615),,,"R 7435, R95",,,,
,,POINT (16.58755252504443 48.025706908759425),,,"227, 247, 248, REX 9411, REX 9415, REX 9421, REX 9423, REX 9424, REX 9457, REX6, REX62, S60, SV700",,,,
,,POINT (16.358384442341194 48.11247183715987),,,"266, 268, S60",,,,
,,POINT (16.444945623810906 48.08242622630268),,,"REX6, REX62, S60, SV700",,,,
,,POINT (16.272021151018862 48.35007325603798),,,"403, 413, S40, SV810",,,,
,,POINT (16.242726695377954 48.004080226831405),,,"108, 301, 302, 303, 306, 308, 310, 315, 320, A, B, C, CJX9, D 855, R 21222, R3, R97, REX1, REX3, REX92, REX93, RJ 1255, S1, S2, S3, S4, SV510",,,,
,,POINT (16.233545937803154 48.005871324509584),,,"108, 301, 302, 303, 308, 310, 315, 320, A, B, C, SEV 306, WLB",,,,
,,POINT (16.241325300809528 48.00367752982961),,,"SEV , WLB",,,,
,,POINT (16.483726046604108 48.29333269559252),,,"25B, 511, REX 24212, REX 24312, REX2, S2, S7",,,,
,,POINT (16.458249791843876 48.219776282606645),,,92A,,,,
,,POINT (16.342601206543993 48.182954030101804),,,59A,,,,
,,POINT (16.365418368684214 48.236209162046286),,,"1, 2, 30, 31, 33, 5B, O",,,,
,,POINT (16.387786216288674 48.20491889736709),,,"74A, N75",,,,
,,POINT (16.45141353798 48.15589819194287),,,"71B, N71",,,,
,,POINT (16.451323828744453 48.22131448008047),,,"86A, 87A",,,,
,,POINT (16.380339215018974 48.17753923306784),,,14A,,,,
,,POINT (16.271050747998665 48.17735960180943),,,54B,,,,
,,POINT (16.460127216002544 48.1712790126414),,,76B,,,,
,,POINT (16.326970568052573 48.172165791732255),,,"62, 62A, 7A, N62, N8",,,,
,,POINT (16.469541464719924 48.1671092269139),,,"73A, 76B, 79A, 79B",,,,
,,POINT (16.447604751271165 48.152919708023575),,,"11, 71, 71A, 71B, ZF",,,,
,,POINT (16.413136573765474 48.191787843922704),,,N75,,,,
,,POINT (16.414016963914708 48.18778136302621),,,N75,,,,
,,POINT (16.41567887951891 48.276640238397114),,,"30A, 32A, 36A, 36B",,,,
,,POINT (16.4929964550833 48.2434663486315),,,"97A, N24",,,,
,,POINT (16.4987457416776 48.25441299245411),,,"28A, 85A, 97A",,,,
,,POINT (16.362804138025588 48.13318685539071),,,"67B, N67",,,,
,,POINT (16.392574416732568 48.293843669975345),,,32A,,,,
,,POINT (16.36730474242185 48.152230561301465),,,17A,,,,
,,POINT (16.2722634261305 48.16570135622284),,,56A,,,,
,,POINT (16.415355354123683 48.185307873692715),,,72A,,,,
,,POINT (16.27510214938278 48.19193762998599),,,"54A, 54B",,,,
,,POINT (16.4621934089321 48.2456020572406),,,"26, 87A",,,,
,,POINT (16.401130843277365 48.31123245910244),,,501,,,,
,,POINT (16.355456095537274 48.220644242120805),,,"37, 38, 40, 41, 42, N41",,,,
,,POINT (16.262319212634264 48.193225131763654),,,53A,,,,
,,POINT (16.357674814245954 48.169170286784066),,,65A,,,,
,,POINT (16.4213201908376 48.160566287953905),,,72A,,,,
,,POINT (16.42334137590404 48.15741430228385),,,72A,,,,
,,POINT (16.423880372206828 48.15607190775206),,,72A,,,,
,,POINT (16.42148188366202 48.15623970844896),,,72A,,,,
,,POINT (16.41756520721064 48.159475695923966),,,72A,,,,
,,POINT (16.428326990293936 48.18512216659123),,,72A,,,,
,,POINT (16.461277021190316 48.179402073197146),,,79B,,,,
,,POINT (16.338486861448118 48.13635235548329),,,67B,,,,
,,POINT (16.419236167350356 48.20878625976682),,,77A,,,,
,,POINT (16.465625022995557 48.26788084927663),,,25A,,,,
,,POINT (16.41824796911419 48.20625397244378),,,77A,,,,
,,POINT (16.360845903808826 48.17313026559097),,,7A,,,,
,,POINT (16.448602026052832 48.2819309928289),,,32A,,,,
,,POINT (16.43849586137701 48.200302687916825),,,"77A, 79A, 79B",,,,
,,POINT (16.38899003071647 48.219572826645454),,,5B,,,,
,,POINT (16.3856033522457 48.22274491407993),,,5B,,,,
,,POINT (16.488253387906397 48.25077631636137),,,85A,,,,
,,POINT (16.344999697798478 48.18546961684421),,,N6,,,,
,,POINT (16.40535724435336 48.215442835894976),,,82A,,,,
,,POINT (16.358213938154655 48.26042985133517),,,38B,,,,
,,POINT (16.516766099089967 48.36278754368101),,,"REX 24212, REX 24312, REX 27345, REX2, S2, S7",,,,
,,POINT (16.25898614431741 48.018274849286506),,,"R 21222, S1, S2, S3, S4, SV510",,,,
,,POINT (16.260971421724353 48.00818519655608),,,"SEV , WLB",,,,
,,POINT (16.201090260373807 48.206376886286385),,,"451, 453, S50, SV110",,,,
,,POINT (16.175766869721933 48.20615540348766),,,"107, 451, 452, 453, 458, S50, SV110",,,,
,,POINT (16.563648560066255 48.12058597072618),,,"D 19820, D 30565, D 30656, D 30740, D 30868, RJ 1021, RJ 1023, RJ 19921, RJ 19966, RJ 549, RJ 558, RJ 642, RJ 644, RJ 649, RJ 746,, RJ 823, RJX 166, RJX 67, RJX 761, RJX 768, RJX 865, RJX 867, RJX 869",,,,
,,POINT (16.256291757136438 48.37592264235336),,,"R3, REX3, S3, S4",,,,
,,POINT (16.506920230010568 48.13669692840231),,,S7,,,,
,,POINT (16.309256052553753 48.32408525654404),,,S40,,,,
,,POINT (16.122047975471336 48.327543657210015),,,S40,,,,
,,POINT (16.35633620227719 48.07737890542698),,,"R 7435, R95",,,,
,,POINT (16.30223133911506 48.36436336905378),,,"R3, REX3, S3, S4",,,,
,,POINT (16.314789322296086 48.09651236019938),,,WLB,,,,
,,POINT (16.41933486317371 48.102412546714724),,,"R 7435, R95",,,,
,,POINT (16.149931554658863 48.32830213621158),,,S40,,,,
,,POINT (16.364771458279826 48.15472965133662),,,"17A, 66A, N66",,,,
,,POINT (16.47114058555354 48.260902179262054),,,"27A, 28A, 87A",,,,
,,POINT (16.474527278130076 48.26715134703697),,,"27A, 87A",,,,
,,POINT (16.314052817303093 48.162543645834056),,,16A,,,,
,,POINT (16.318984594079694 48.1631668392323),,,16A,,,,
,,POINT (16.304782270166204 48.167696526398686),,,63A,,,,
,,POINT (16.480608813964597 48.24262875984566),,,85A,,,,
,,POINT (16.47986321287174 48.23901517748962),,,"95A, 95B",,,,
,,POINT (16.31929007897036 48.224624245792434),,,42A,,,,
,,POINT (16.341325597978543 48.172087882909565),,,63A,,,,
,,POINT (16.46348687175323 48.15101390795197),,,"71B, N71",,,,
,,POINT (16.437669384405194 48.14099817130193),,,71B,,,,
,,POINT (16.35719866653689 48.13413415381628),,,67B,,,,
,,POINT (16.4489253925206 48.25906020120111),,,27A,,,,
,,POINT (16.496661691732843 48.28251675969001),,,"25A, 25B",,,,
,,POINT (16.49927578203098 48.285147046249556),,,"25A, 25B",,,,
,,POINT (16.432665976665515 48.26274419388853),,,29A,,,,
,,POINT (16.300632147708704 48.20837333548839),,,"48A, N46",,,,
,,POINT (16.480527813606507 48.16887661209826),,,76A,,,,
,,POINT (16.28609746361359 48.169577729053046),,,62,,,,
,,POINT (16.384543257529177 48.151085856246574),,,"67A, 67B",,,,
,,POINT (16.396356096625997 48.14936575682038),,,"68B, N68",,,,
,,POINT (16.287588609881396 48.13653218643772),,,"61A, 64A",,,,
,,POINT (16.405914320973046 48.271809367183366),,,"30, 31, N31",,,,
,,POINT (16.36661738005065 48.1589304188734),,,"120, 200, 210, 66A, N66",,,,
,,POINT (16.36707129175824 48.258139256771564),,,"D, E4, N36",,,,
,,POINT (16.354764345332338 48.18220532591405),,,12A,,,,
,,POINT (16.35790843761787 48.18726030005766),,,"12A, 14A, N62",,,,
,,POINT (16.446490967464005 48.23287632760469),,,94A,,,,
,,POINT (16.42772978138475 48.29673620242916),,,510,,,,
,,POINT (16.27523686370728 48.20329047528162),,,47A,,,,
,,POINT (16.31116034307555 48.17065010879286),,,"63A, 8A, N62",,,,
,,POINT (16.34641009505567 48.26002916060357),,,38B,,,,
,,POINT (16.4408405553032 48.27583912624176),,,36B,,,,
,,POINT (16.445691533177406 48.277004917814),,,36B,,,,
,,POINT (16.435163286894007 48.27901371460639),,,36B,,,,
,,POINT (16.430222612788192 48.280340811354016),,,36B,,,,
,,POINT (16.426296933112575 48.280998410405886),,,36B,,,,
,,POINT (16.39965304231909 48.26577009990925),,,36B,,,,
,,POINT (16.318930700105923 48.16752871846441),,,"62, 62A, N8",,,,
,,POINT (16.432171883838546 48.2659912789038),,,31A,,,,
,,POINT (16.48347441336333 48.25151211615511),,,"24A, 85A, N24",,,,
,,POINT (16.40482722135973 48.196584326856446),,,"77A, N75",,,,
,,POINT (16.528443847137996 48.217908848281),,,98A,,,,
,,POINT (16.520556595432616 48.225569617182394),,,"99A, 99B",,,,
,,POINT (16.36231912013088 48.18994928492302),,,13A,,,,
,,POINT (16.36360371313597 48.18994338416442),,,13A,,,,
,,POINT (16.44888951852781 48.27758481272124),,,"32A, 36B",,,,
,,POINT (16.52914444494755 48.2196625398342),,,98A,,,,
,,POINT (16.441298735406807 48.263671084402844),,,"28A, 29A, N25",,,,
,,POINT (16.291577225551993 48.23328932179938),,,"43, 445",,,,
,,POINT (16.280128180805455 48.24025981544763),,,"43A, 445",,,,
,,POINT (16.454063650953298 48.24763595222316),,,26,,,,
,,POINT (16.53492962451865 48.224528313137675),,,"99A, 99B",,,,
,,POINT (16.241783854516427 48.22272710316417),,,52A,,,,
,,POINT (16.388792437743987 48.22372050713107),,,"5, O",,,,
,,POINT (16.3765035817925 48.28425642612906),,,34A,,,,
,,POINT (16.403605514336306 48.187014772984206),,,80A,,,,
,,POINT (16.349670904316696 48.206415613868366),,,"13A, 46, N46, N71",,,,
,,POINT (16.49676941182016 48.225037034004195),,,"84A, N84",,,,
,,POINT (16.3745001979364 48.14489449241138),,,"67A, 67B, N67",,,,
,,POINT (16.320170548603812 48.27744139345166),,,38A,,,,
,,POINT (16.41070214954347 48.16596486902856),,,15A,,,,
,,POINT (16.50169208701759 48.22473783203633),,,"84A, N84",,,,
,,POINT (16.277608420864535 48.18100748002886),,,"54A, 54B",,,,
,,POINT (16.38516327092589 48.23461755718769),,,"37A, SV903",,,,
,,POINT (16.383159978531932 48.23365426283973),,,2,,,,
,,POINT (16.46090883812753 48.2625467777144),,,25A,,,,
,,POINT (16.340633861391098 48.144037317268776),,,"67A, 67B",,,,
,,POINT (16.33263890399667 48.14606331268115),,,65A,,,,
,,POINT (16.335257312684714 48.14911409625042),,,303,,,,
,,POINT (16.353803137654822 48.17295057103695),,,1,,,,
,,POINT (16.452832924324042 48.15160721174968),,,"11, 71, 71A, N71",,,,
,,POINT (16.376323678962503 48.138264722131794),,,16A,,,,
,,POINT (16.45745019903166 48.14977321679841),,,"217, 218, 272, 71, 71A, N71",,,,
,,POINT (16.328210339064718 48.227586526256154),,,"40, 42A, 9",,,,
,,POINT (16.484660210916797 48.25425150255797),,,85A,,,,
,,POINT (16.336973108007175 48.15130158460748),,,303,,,,
,,POINT (16.53648376318 48.25885084811289),,,89A,,,,
,,POINT (16.286600466781277 48.17384320853911),,,"10, 49, 56A, 56B, 60, N60",,,,
,,POINT (16.334750003776026 48.224881535555305),,,"40, 41, 42, 42E, 9",,,,
,,POINT (16.393122202754505 48.214209849500946),,,80A,,,,
,,POINT (16.331713689791183 48.204284335066895),,,48A,,,,
,,POINT (16.37431169142436 48.283604830634644),,,34A,,,,
,,POINT (16.357028067326667 48.20557751340493),,,"13A, 48A, N71",,,,
,,POINT (16.377527588934715 48.221194825744135),,,"5A, 5B",,,,
,,POINT (16.209574790918076 48.2244088602162),,,450,,,,
,,POINT (16.39570945518375 48.2610458245183),,,"26, 850, N20",,,,
,,POINT (16.307333402555876 48.1280966138394),,,"207, 260, 268, 269, 270, 61B, N64",,,,
,,POINT (16.288513966145196 48.25110543924609),,,"43A, 43B",,,,
,,POINT (16.3073425626078 48.24340656396136),,,41A,,,,
,,POINT (16.32217357787725 48.16258564008964),,,"16A, N65",,,,
,,POINT (16.457746692617192 48.21867498845104),,,"92A, 96A",,,,
,,POINT (16.45698317171503 48.2000631776486),,,92B,,,,
,,POINT (16.331030912088618 48.146141212755744),,,65A,,,,
,,POINT (16.3088516389556 48.15961356293315),,,"62A, N65",,,,
,,POINT (16.331830493105183 48.206936522963176),,,48A,,,,
,,POINT (16.34542185441993 48.155155160742),,,"16A, N65",,,,
,,POINT (16.519110387305695 48.21440127105655),,,"26A, 88A, 88B, 98A, N26",,,,
,,POINT (16.446041735471777 48.20804994597108),,,92B,,,,
,,POINT (16.453587432825184 48.16047636888746),,,"73A, N71",,,,
,,POINT (16.360261985999582 48.15837313626556),,,"11, N65",,,,
,,POINT (16.222326427903397 48.20734968886515),,,"50B, N49",,,,
,,POINT (16.523799555462176 48.20808579779071),,,88B,,,,
,,POINT (16.409965663180028 48.24441159504124),,,20A,,,,
,,POINT (16.396562747307716 48.1860684820571),,,18,,,,
,,POINT (16.454216352979973 48.1770898890578),,,"76A, 76B",,,,
,,POINT (16.427006462394452 48.16045838545396),,,69A,,,,
,,POINT (16.48906188552909 48.25136251340751),,,"24A, 85A, N24",,,,
,,POINT (16.489708685684448 48.25355170268001),,,85A,,,,
,,POINT (16.360845930815376 48.19241067425432),,,13A,,,,
,,POINT (16.360666231601886 48.19281787197607),,,"59A, N62, N71",,,,
,,POINT (16.386160272907155 48.16791207472197),,,"68A, 68B, N68",,,,
,,POINT (16.48077047381153 48.213754797323595),,,"92A, 93A, N91",,,,
,,POINT (16.26572380689562 48.200632094153015),,,47B,,,,
,,POINT (16.263936116481503 48.20088959393163),,,"47B, N49",,,,
,,POINT (16.399136173665177 48.136891792693),,,"226, 227, 266",,,,
,,POINT (16.458052209391056 48.231631726890505),,,"86A, 87A, 95A",,,,
,,POINT (16.339744472647 48.149060093635455),,,"66A, 67B, N66",,,,
,,POINT (16.504782270728377 48.22381013453467),,,"84A, N84",,,,
,,POINT (16.480033710442246 48.164976230579626),,,76A,,,,
,,POINT (16.479557609992362 48.16305884021087),,,76A,,,,
,,POINT (16.522937156630352 48.20600840873281),,,88B,,,,
,,POINT (16.455321197117456 48.14098016058111),,,71B,,,,
,,POINT (16.461214074669556 48.14518213697161),,,71B,,,,
,,POINT (16.4684186739225 48.2428740669224),,,"26, 26E, 86A",,,,
,,POINT (16.472110761189757 48.246481346666855),,,86A,,,,
,,POINT (16.474796751327528 48.24893403330703),,,86A,,,,
,,POINT (16.362085501864417 48.17643104909503),,,"1, 6, N6",,,,
,,POINT (16.423354643151388 48.131376195243305),,,"266, 70A",,,,
,,POINT (16.260091287048397 48.16692965835701),,,"56B, N62",,,,
,,POINT (16.26182043702046 48.133546743104716),,,"206, 249, 253, 255, 259, 60A, N60, N61",,,,
,,POINT (16.258496649719405 48.13218575199007),,,"206, 250, 253, 255, 257, 259",,,,
,,POINT (16.26012724856204 48.13918189079295),,,"250, 60A, N60, N61",,,,
,,POINT (16.333914628966372 48.24079815941684),,,"35A, N35",,,,
,,POINT (16.38627716884256 48.23763914204524),,,37A,,,,
,,POINT (16.395826160452728 48.192686051109305),,,77A,,,,
,,POINT (16.267933509171847 48.13879828780332),,,"250, 253, 259, 60, N60",,,,
,,POINT (16.274275654858023 48.19363832224099),,,47A,,,,
,,POINT (16.42454523996343 48.27964141784427),,,36B,,,,
,,POINT (16.39885344504766 48.19274594892134),,,74A,,,,
,,POINT (16.455977007731452 48.15050441424988),,,"71A, N71",,,,
,,POINT (16.46678379091412 48.24932283688188),,,87A,,,,
,,POINT (16.46121421170682 48.24390906598294),,,87A,,,,
,,POINT (16.36576868919796 48.251912886515015),,,"38A, 5B",,,,
,,POINT (16.36964046952657 48.251775385315995),,,5B,,,,
,,POINT (16.38165089177079 48.237710944668784),,,5A,,,,
,,POINT (16.38422898376913 48.24089982791555),,,"11A, 11B, 5A, N8, SV900, SV903",,,,
,,POINT (16.238958357497218 48.137977043647844),,,"250, 253, N61",,,,
,,POINT (16.28113880900696 48.18428376191258),,,54A,,,,
,,POINT (16.35809706388489 48.206547307937896),,,46,,,,
,,POINT (16.37685386155143 48.19865613374733),,,71,,,,
,,POINT (16.265598035822258 48.22108719616245),,,52B,,,,
,,POINT (16.422124175195247 48.23526370078931),,,VAL 3,,,,
,,POINT (16.31176212797019 48.16198044998566),,,"62A, N65",,,,
,,POINT (16.29613165102417 48.26661925981964),,,43A,,,,
,,POINT (16.317987517282344 48.17610757825003),,,"63A, 8A",,,,
,,POINT (16.396185549927058 48.25913803386527),,,34A,,,,
,,POINT (16.4065069508025 48.15171513928867),,,68A,,,,
,,POINT (16.405509857664484 48.15278783509347),,,68A,,,,
,,POINT (16.40341676707463 48.15264403744233),,,68A,,,,
,,POINT (16.28810523397436 48.236891323799135),,,"43A, 445",,,,
,,POINT (16.46807735856998 48.22965102976983),,,95B,,,,
,,POINT (16.297824652058534 48.129157928202936),,,"260, 269",,,,
,,POINT (16.29866914783193 48.129229826860815),,,"207, 260, 269, 61B",,,,
,,POINT (16.3520154875154 48.20223673219664),,,"49, N49",,,,
,,POINT (16.361263478256507 48.145937386524665),,,"120, 17A, 200, 210, 66A, 67A, 67B, N66, N67",,,,
,,POINT (16.427078429295882 48.20854085587243),,,"77A, 79A, 79B, N81",,,,
,,POINT (16.436995771166284 48.20148818320949),,,"77A, 79A, 79B",,,,
,,POINT (16.39597890130329 48.2229544061153),,,82A,,,,
,,POINT (16.399078084598667 48.22220030789588),,,82A,,,,
,,POINT (16.29358932133842 48.16560544391954),,,"58A, 58B",,,,
,,POINT (16.269236118979318 48.15051653075073),,,60A,,,,
,,POINT (16.357764734448832 48.18466101293155),,,"14A, N62",,,,
,,POINT (16.272775454359433 48.18767365132423),,,"53A, 54A, 54B, N54",,,,
,,POINT (16.294905459600074 48.26390438818664),,,415,,,,
,,POINT (16.429413966002233 48.17151273100655),,,69A,,,,
,,POINT (16.32457209308764 48.18145064912096),,,63A,,,,
,,POINT (16.533627039215396 48.23053658508068),,,"99A, 99B",,,,
,,POINT (16.30205138570296 48.16894262240876),,,"58B, 62, N62",,,,
,,POINT (16.464789519905587 48.26260057511921),,,"25A, 27A, 28A",,,,
,,POINT (16.49482903342352 48.2338874928296),,,97A,,,,
,,POINT (16.435747162290888 48.262660392177956),,,"27A, 31A",,,,
,,POINT (16.291729796450973 48.14144785981862),,,"60A, 62A, N65",,,,
,,POINT (16.34440693154979 48.27887027139143),,,38A,,,,
,,POINT (16.36700837640023 48.24662501121368),,,"11A, 5B",,,,
,,POINT (16.30334496907494 48.16213625393973),,,63A,,,,
,,POINT (16.305662726277518 48.21075592070563),,,"10, 33, 44, 46, 48A, N46",,,,
,,POINT (16.319640465291705 48.21649638468713),,,"10A, 2",,,,
,,POINT (16.33320480875919 48.151601285945475),,,"66A, 67B, N66",,,,
,,POINT (16.25714016117426 48.13406824517427),,,"250, 253, 257, 60A, N60, N61",,,,
,,POINT (16.32069142391382 48.190093110229135),,,"18, 5, 52, 60, 9",,,,
,,POINT (16.351638145351266 48.170680083425175),,,1,,,,
,,POINT (16.389897400423987 48.27339976937243),,,"26, N20",,,,
,,POINT (16.24864691602799 48.21895651738316),,,52A,,,,
,,POINT (16.440768680800712 48.221757384591136),,,"93A, N90",,,,
,,POINT (16.27986327495028 48.22723945855528),,,44A,,,,
,,POINT (16.261870050489094 48.21801081376851),,,52B,,,,
,,POINT (16.440831577817377 48.21963269443216),,,"93A, N90",,,,
,,POINT (16.39426301673238 48.15633562554487),,,"15A, 68A, 68B, N68",,,,
,,POINT (16.485688625183954 48.21753172408118),,,"26A, 550, 552, 92A, 97A, N26, N84, N91",,,,
,,POINT (16.350438885490995 48.17065007914912),,,"1155, 1158, 209, 303, 309, 7941, N62",,,,
,,POINT (16.353668406850936 48.2220567369852),,,"33, 37, 38, 40, 41, 42, 5, N41",,,,
,,POINT (16.451988532480062 48.22692815305727),,,"86A, 87A, 95A, 96A",,,,
,,POINT (16.456197172381373 48.264735427687555),,,520,,,,
,,POINT (16.447604855164133 48.22756845198652),,,"94A, N90",,,,
,,POINT (16.451216037668786 48.22754455001513),,,"94A, N90",,,,
,,POINT (16.416370475116544 48.204212382930024),,,77A,,,,
,,POINT (16.327734294203015 48.26566244533824),,,38A,,,,
,,POINT (16.363406050196534 48.143605705308204),,,16A,,,,
,,POINT (16.280851328438175 48.197572399177574),,,"47A, 49, N49",,,,
,,POINT (16.39931146720202 48.1379409100607),,,"17A, 266, 70A, N17",,,,
,,POINT (16.355923174702554 48.20705020712059),,,"46, N46",,,,
,,POINT (16.469820034451008 48.21870498080364),,,"25, 95A, N26",,,,
,,POINT (16.302563523954944 48.19816518241561),,,"49, 51A, N49",,,,
,,POINT (16.380743582316896 48.2279993921246),,,"1, 2, 5, O",,,,
,,POINT (16.3766698313848 48.296730252026826),,,850,,,,
,,POINT (16.313877467467403 48.126663624583756),,,"207, 266, 268, 61B",,,,
,,POINT (16.469020486022917 48.18070786271759),,,79A,,,,
,,POINT (16.399392461342842 48.206110284507794),,,"1, 4A, 80A, N29",,,,
,,POINT (16.52634174351521 48.208193595891295),,,88B,,,,
,,POINT (16.516029099130776 48.21156388641643),,,98A,,,,
,,POINT (16.517142980672535 48.20227253046846),,,88B,,,,
,,POINT (16.516226799960943 48.213682976592445),,,98A,,,,
,,POINT (16.442924457124317 48.140344770877384),,,71B,,,,
,,POINT (16.314618868983516 48.20130266012287),,,12A,,,,
,,POINT (16.361384897092023 48.170506277564655),,,65A,,,,
,,POINT (16.35693821869147 48.17054228016818),,,65A,,,,
,,POINT (16.459462548037756 48.26475946779858),,,25A,,,,
,,POINT (16.329144461755597 48.17584997227008),,,9A,,,,
,,POINT (16.32347620833647 48.18864981499122),,,57A,,,,
,,POINT (16.29175208428321 48.1303391286306),,,"207, 61B",,,,
,,POINT (16.392412502253148 48.139493607043825),,,"17A, N17",,,,
,,POINT (16.352788001542287 48.143186113323104),,,"17A, N67",,,,
,,POINT (16.52795874613605 48.21565825974392),,,"98A, 99A, 99B",,,,
,,POINT (16.33862173310049 48.18858990580399),,,"N6, N60",,,,
,,POINT (16.364816379507914 48.169949078379716),,,"11, 65A, N65, O",,,,
,,POINT (16.291622014784416 48.15396860025609),,,58A,,,,
,,POINT (16.305123759061544 48.23313971458801),,,42A,,,,
,,POINT (16.327024555492873 48.235281790567136),,,"10A, 41, N41",,,,
,,POINT (16.421769428285717 48.261649805629695),,,"28A, 29A, 29B, N30",,,,
,,POINT (16.46759222773373 48.2059605427346),,,95A,,,,
,,POINT (16.248880510974104 48.216394729468234),,,"43B, 52A, 52B",,,,
,,POINT (16.51549909279056 48.20592461387059),,,"88B, 98A",,,,
,,POINT (16.293984678202776 48.20739754429239),,,"48A, N46",,,,
,,POINT (16.401233980442743 48.226090388068066),,,11B,,,,
,,POINT (16.38055480776538 48.173124253262806),,,"68A, 68B, N68",,,,
,,POINT (16.224378800747512 48.125182619381725),,,"249, 255",,,,
,,POINT (16.371140632373695 48.22972878980682),,,"1, 2, 33, 5, 5B, D, N31",,,,
,,POINT (16.440517069518293 48.14035077295116),,,71B,,,,
,,POINT (16.27710530460626 48.16730704616687),,,"56A, 56B, N62",,,,
,,POINT (16.312130397027808 48.14087835011004),,,61A,,,,
,,POINT (16.312256192629942 48.13861246057298),,,61A,,,,
,,POINT (16.315301468402843 48.13197589086136),,,61A,,,,
,,POINT (16.31634346861843 48.13514137488419),,,61A,,,,
,,POINT (16.31539126570605 48.12988940061709),,,61A,,,,
,,POINT (16.39929788584594 48.14274856440038),,,"17A, 226, 227, 266, 70A",,,,
,,POINT (16.311645447786454 48.24786933964595),,,"35A, N35",,,,
,,POINT (16.390984284342384 48.19350644956668),,,"71, 77A, N71",,,,
,,POINT (16.319451704670776 48.17215379655703),,,N62,,,,
,,POINT (16.30886059684071 48.12995530453077),,,N64,,,,
,,POINT (16.397146662268742 48.19897351977978),,,77A,,,,
,,POINT (16.28156991704128 48.191560327013086),,,"47A, N54",,,,
,,POINT (16.302994669175174 48.161129558986254),,,63A,,,,
,,POINT (16.234543360839574 48.20199130670954),,,50B,,,,
,,POINT (16.3601452332878 48.191895576600245),,,13A,,,,
,,POINT (16.345314122390782 48.20424242692649),,,48A,,,,
,,POINT (16.34531412452253 48.205739119952696),,,48A,,,,
,,POINT (16.34540391953645 48.201841538696044),,,"49, N49",,,,
,,POINT (16.47655733542812 48.17053620631863),,,"73A, 76A, 76B, 79A",,,,
,,POINT (16.458088041537668 48.182642559861804),,,79B,,,,
,,POINT (16.468984645839484 48.224103455535015),,,26A,,,,
,,POINT (16.389717517916225 48.1405126030497),,,"17A, N17",,,,
,,POINT (16.460289026973406 48.251571929763784),,,"24A, N24",,,,
,,POINT (16.31864315151214 48.13126839167897),,,61A,,,,
,,POINT (16.494379758008556 48.17806025914995),,,92B,,,,
,,POINT (16.302271315607136 48.12246615614539),,,"268, 270",,,,
,,POINT (16.26743949400291 48.19703351018067),,,47B,,,,
,,POINT (16.2688588894627 48.19927299817957),,,"47B, 49, N49",,,,
,,POINT (16.262453928594546 48.205116574533974),,,47B,,,,
,,POINT (16.26084593801314 48.2062480705211),,,47B,,,,
,,POINT (16.261438839141466 48.20871455836423),,,47B,,,,
,,POINT (16.26023513843217 48.20370358234219),,,47B,,,,
,,POINT (16.480150627351247 48.2502559240436),,,85A,,,,
,,POINT (16.40237486692036 48.22046461411906),,,82A,,,,
,,POINT (16.384709695492752 48.298206437336844),,,850,,,,
,,POINT (16.40116216979585 48.2182441253679),,,82A,,,,
,,POINT (16.400461475872177 48.22093151335519),,,82A,,,,
,,POINT (16.295996788646537 48.150624413932974),,,"58A, 58B, 64A",,,,
,,POINT (16.295323123022904 48.172333510586505),,,"56A, 56B",,,,
,,POINT (16.390553061391376 48.17564623526994),,,"11, 6, D, N6",,,,
,,POINT (16.48299825226656 48.20626593229632),,,93A,,,,
,,POINT (16.38288140451166 48.17914452332427),,,D,,,,
,,POINT (16.301036295417923 48.172884704088),,,8A,,,,
,,POINT (16.365166872296292 48.23757935575177),,,"37A, 5B, N8",,,,
,,POINT (16.522568893236706 48.23070409156948),,,"99A, 99B",,,,
,,POINT (16.29363419351712 48.1453260407053),,,"66A, N66",,,,
,,POINT (16.239115865707728 48.220901713642924),,,52A,,,,
,,POINT (16.35157536981787 48.18787720083164),,,12A,,,,
,,POINT (16.360711064675865 48.14460070175533),,,"16A, 17A, 66A, 67A, N66, N67",,,,
,,POINT (16.301207058170434 48.218405787122755),,,"46A, 46B",,,,
,,POINT (16.327222132170643 48.21900426765547),,,"2, 42, 42E, 43, 9, N43",,,,
,,POINT (16.2610795325156 48.20238048835867),,,47B,,,,
,,POINT (16.321571660700446 48.148418808136064),,,"64A, N64",,,,
,,POINT (16.265867447103744 48.15882259309704),,,56A,,,,
,,POINT (16.317116086283484 48.150624400915),,,"60A, 64B, 67B, N64, N66, N8",,,,
,,POINT (16.45758499331066 48.21767549295615),,,"92A, 96A",,,,
,,POINT (16.252406237295414 48.203967115680975),,,"450, 451, 49A, 50A, 50B, N49",,,,
,,POINT (16.53682502305979 48.23051268306502),,,"99A, 99B",,,,
,,POINT (16.267951578728997 48.187871253744134),,,"53A, 54A, 54B, N54",,,,
,,POINT (16.274221729033048 48.17515510995312),,,62,,,,
,,POINT (16.273260537223926 48.177497299623774),,,"54A, 54B",,,,
,,POINT (16.36893080913773 48.277752261745746),,,34A,,,,
,,POINT (16.36982910585589 48.27790776042218),,,34A,,,,
,,POINT (16.478982780491886 48.2125876047712),,,92A,,,,
,,POINT (16.434974697655107 48.28583448206267),,,32A,,,,
,,POINT (16.401669776941212 48.28200269802674),,,"30A, 32A, 501, 502",,,,
,,POINT (16.509875665838067 48.16602470692954),,,92B,,,,
,,POINT (16.50276110039229 48.23857836589601),,,95A,,,,
,,POINT (16.50191670704998 48.24027155845256),,,95A,,,,
,,POINT (16.476943644065322 48.250997722918065),,,86A,,,,
,,POINT (16.359175047589215 48.199284841789705),,,57A,,,,
,,POINT (16.37679096323772 48.200194926998925),,,4A,,,,
,,POINT (16.511537613361753 48.20624791493653),,,98A,,,,
,,POINT (16.31227435396833 48.25361161197319),,,39A,,,,
,,POINT (16.344640376516846 48.1688047965757),,,7B,,,,
,,POINT (16.25798938664944 48.230500856376445),,,43B,,,,
,,POINT (16.269002642764256 48.23751951602917),,,43B,,,,
,,POINT (16.445421858829768 48.149971023826716),,,ZF,,,,
,,POINT (16.24338284983333 48.224408794651616),,,52A,,,,
,,POINT (16.23038420071331 48.21573034394515),,,49A,,,,
,,POINT (16.429449838867395 48.1517630249303),,,ZF,,,,
,,POINT (16.442151974085867 48.149479627842304),,,ZF,,,,
,,POINT (16.440472079705863 48.14823293519203),,,ZF,,,,
,,POINT (16.442870566718852 48.14680644042632),,,ZF,,,,
,,POINT (16.448044839104643 48.14487644611207),,,ZF,,,,
,,POINT (16.45115302361326 48.145026243384194),,,ZF,,,,
,,POINT (16.450892522623914 48.14312015265846),,,ZF,,,,
,,POINT (16.44801793496573 48.14217305903807),,,ZF,,,,
,,POINT (16.445870948546865 48.144061251600775),,,ZF,,,,
,,POINT (16.44254716166918 48.14261066041007),,,ZF,,,,
,,POINT (16.426368821685656 48.27292744952445),,,"30A, N30",,,,
,,POINT (16.42099693753626 48.264879091144316),,,"28A, 29B, N30",,,,
,,POINT (16.419856047263146 48.26782707783843),,,"28A, 29B, N30",,,,
,,POINT (16.378623423340628 48.177982431581675),,,14A,,,,
,,POINT (16.368104414413697 48.27858325843099),,,34A,,,,
,,POINT (16.30798931804773 48.21317430735882),,,"45A, 46A, 46B, N46",,,,
,,POINT (16.285872882005485 48.181624372394495),,,"10, 49, 60, N60",,,,
,,POINT (16.379683450991404 48.20142241885472),,,N75,,,,
,,POINT (16.334911659442714 48.19389578324605),,,"18, 49, 5, 52, 60, N54",,,,
,,POINT (16.323952298308573 48.1836967387189),,,"10A, 63A, N60",,,,
,,POINT (16.374401488641883 48.2102589799717),,,2A,,,,
,,POINT (16.46698131341997 48.19348250288114),,,92B,,,,
,,POINT (16.30709102852945 48.21779528581834),,,"10, 2, 46A, 46B",,,,
,,POINT (16.376898824003625 48.24417831725955),,,"11A, 5A, N29",,,,
,,POINT (16.3299080346756 48.159092252140766),,,16A,,,,
,,POINT (16.33033930455088 48.209857910006335),,,"46, N46",,,,
,,POINT (16.306902336247756 48.22246966431327),,,"10, 2",,,,
,,POINT (16.45878884406656 48.25893459608885),,,"25A, N25",,,,
,,POINT (16.3564981075716 48.23257118468928),,,"D, N35, N36, N38, N8",,,,
,,POINT (16.321104547933654 48.13783905898538),,,"64A, N64",,,,
,,POINT (16.408034259322488 48.235413339826096),,,20A,,,,
,,POINT (16.402940793048625 48.24127671440287),,,20A,,,,
,,POINT (16.408537266458378 48.24197670811346),,,20A,,,,
,,POINT (16.2589684415899 48.201841592830746),,,49,,,,
,,POINT (16.430249465996635 48.24669677171187),,,"25, 26",,,,
,,POINT (16.431641869283464 48.25376113758441),,,27A,,,,
,,POINT (16.434714060056262 48.258109314228534),,,27A,,,,
,,POINT (16.469227182919653 48.2516556243993),,,"24A, 87A, N24",,,,
,,POINT (16.3518088513707 48.17561035953871),,,7A,,,,
,,POINT (16.367044130985615 48.14229900904889),,,16A,,,,
,,POINT (16.364367238518682 48.13843252920044),,,"67B, N67",,,,
,,POINT (16.22786901204244 48.214628950620416),,,"49A, 50B",,,,
,,POINT (16.426786609936627 48.30803604978785),,,"500, 502, 505",,,,
,,POINT (16.321248307460497 48.18061215500139),,,9A,,,,
,,POINT (16.316959030868325 48.25432341259939),,,"39A, 415",,,,
,,POINT (16.301319427734242 48.26383858203312),,,415,,,,
,,POINT (16.34338278926941 48.24546453139445),,,"38, N38",,,,
,,POINT (16.348305562602086 48.24296984043932),,,"10A, 38, 39A, 415, N38",,,,
,,POINT (16.464295532217974 48.26972854064192),,,25A,,,,
,,POINT (16.344873882759096 48.17354967363741),,,"63A, 7A",,,,
,,POINT (16.379449924289677 48.18153451442397),,,69A,,,,
,,POINT (16.487880655720037 48.282720010942846),,,"25A, 25B, 511",,,,
,,POINT (16.368005445575232 48.22843629727704),,,"1, 2, 31, 33, 5, D, O",,,,
,,POINT (16.290238720652976 48.22512096161314),,,44A,,,,
,,POINT (16.32694375081336 48.23206260533632),,,9,,,,
,,POINT (16.407953372473653 48.24417229780664),,,20A,,,,
,,POINT (16.40851937046286 48.244884194032075),,,20A,,,,
,,POINT (16.524940388181438 48.23566456611247),,,89A,,,,
,,POINT (16.377114401909655 48.229483486714564),,,5A,,,,
,,POINT (16.3929874841718 48.20040451545452),,,"4A, 74A",,,,
,,POINT (16.44869180626124 48.268442956677156),,,"29A, 29B, N25",,,,
,,POINT (16.291011141642723 48.17082382001289),,,"10, 49, 52, 60, 62, N62",,,,
,,POINT (16.531632840687614 48.22479161339784),,,"99A, 99B",,,,
,,POINT (16.54181067690136 48.21432345748512),,,98A,,,,
,,POINT (16.486268156550814 48.22099725967839),,,97A,,,,
,,POINT (16.425874590585565 48.1763172102476),,,72A,,,,
,,POINT (16.207355962195663 48.20661334758233),,,"451, 453",,,,
,,POINT (16.36389124763487 48.21573026081086),,,40A,,,,
,,POINT (16.29558360636117 48.1615010623843),,,63A,,,,
,,POINT (16.257849864077066 48.13743152810682),,,"250, 253, 257, 60A, N60, N61",,,,
,,POINT (16.45120708366163 48.26099789114952),,,"25A, 27A, N25",,,,
,,POINT (16.35628250056449 48.227071811505),,,N38,,,,
,,POINT (16.34827848841778 48.18950019553634),,,N60,,,,
,,POINT (16.382531157567833 48.215885848800944),,,5A,,,,
,,POINT (16.265714788922928 48.18794315482812),,,53A,,,,
,,POINT (16.317906704887065 48.238925578374214),,,"41, N41",,,,
,,POINT (16.369649414644744 48.21233617289202),,,"1A, 3A",,,,
,,POINT (16.42304497426498 48.22652727263703),,,"92A, 92B, N90",,,,
,,POINT (16.4171431092137 48.23090165554658),,,"92A, 92B, N90",,,,
,,POINT (16.411654388487214 48.197225019263264),,,"77A, 80A",,,,
,,POINT (16.46976611969471 48.2084510300882),,,95A,,,,
,,POINT (16.31160052485181 48.230901720730515),,,42A,,,,
,,POINT (16.426916680440247 48.172531127726806),,,"69A, 72A",,,,
,,POINT (16.3801865427 48.19706343924839),,,"71, N71",,,,
,,POINT (16.490490184040222 48.25588439130561),,,"28A, 85A",,,,
,,POINT (16.414555785905588 48.13281512456862),,,"70A, N17",,,,
,,POINT (16.427100624913145 48.13104639324196),,,"266, 70A",,,,
,,POINT (16.41212580855737 48.13583068559704),,,"266, 70A, N17",,,,
,,POINT (16.25187178466352 48.207457369955094),,,"49A, 50B",,,,
,,POINT (16.507504079394856 48.16756450126751),,,92B,,,,
